Point Magnitude;p;T.interface;T.liquid;T.vapour;U_magnitude;alpha.liquid;alpha.vapour
0;nan;nan;nan;nan;nan;nan;nan
0.00165515;1.48E+07;614.052;592.75;607.539;4.4671;0.434492;0
0.0033103;1.48E+07;614.052;592.75;608.126;4.4671;0.434492;0
0.00496545;1.48E+07;614.052;592.75;608.714;4.4671;0.434492;0
0.0066206;1.48E+07;614.052;592.75;609.301;4.4671;0.434492;0
0.00827574;1.48E+07;614.052;592.75;609.889;4.4671;0.434492;0
0.00993089;1.48E+07;614.052;592.75;610.476;4.4671;0.434492;0
0.011586;1.48E+07;614.051;592.75;611.064;4.4671;0.434492;0
0.0132412;1.48E+07;614.051;592.75;611.651;4.46711;0.434492;0
0.0148963;1.48E+07;614.051;592.75;612.239;4.46711;0.434492;0
0.0165515;1.48E+07;614.051;592.75;612.826;4.46711;0.434492;0
0.0182066;1.48E+07;614.051;592.75;613.414;4.46711;0.434492;0
0.0198618;1.48E+07;614.051;592.75;614.001;4.46711;0.434492;0
0.0215169;1.48E+07;614.051;592.75;614.051;4.46711;0.434492;0
0.0231721;1.48E+07;614.051;592.75;614.051;4.46711;0.434492;0
0.0248272;1.48E+07;614.051;592.75;614.051;4.46711;0.434492;0
0.0264824;1.48E+07;614.051;592.75;614.051;4.46712;0.434492;0
0.0281375;1.48E+07;614.05;592.75;614.05;4.46712;0.434492;0
0.0297927;1.48E+07;614.05;592.75;614.05;4.46712;0.434492;0
0.0314478;1.48E+07;614.05;592.75;614.05;4.46712;0.434492;0
0.033103;1.48E+07;614.05;592.75;614.05;4.46712;0.434492;0
0.0347581;1.48E+07;614.05;592.75;614.05;4.46712;0.434492;0
0.0364133;1.48E+07;614.05;592.75;614.05;4.46713;0.434492;0
0.0380684;1.48E+07;614.05;592.75;614.05;4.46713;0.434492;0
0.0397236;1.48E+07;614.049;592.75;614.049;4.46713;0.434492;0
0.0413787;1.48E+07;614.049;592.75;614.049;4.46713;0.434492;0
0.0430339;1.48E+07;614.049;592.75;614.049;4.46713;0.434492;0
0.044689;1.48E+07;614.049;592.75;614.049;4.46713;0.434492;0
0.0463442;1.48E+07;614.049;592.75;614.049;4.46714;0.434492;0
0.0479993;1.48E+07;614.049;592.75;614.049;4.46714;0.434492;0
0.0496545;1.48E+07;614.049;592.75;614.049;4.46714;0.434492;0
0.0513096;1.48E+07;614.049;592.75;614.049;4.46714;0.434492;0
0.0529648;1.48E+07;614.049;592.75;614.049;4.46714;0.434492;0
0.0546199;1.48E+07;614.049;592.75;614.049;4.46714;0.434492;0
0.0562751;1.48E+07;614.049;592.75;614.049;4.46715;0.434492;0
0.0579302;1.48E+07;614.049;592.75;614.049;4.46715;0.434492;0
0.0595854;1.48E+07;614.048;592.75;614.048;4.46715;0.434492;0
0.0612405;1.48E+07;614.048;592.75;614.048;4.46715;0.434492;0
0.0628957;1.48E+07;614.048;592.75;614.048;4.46715;0.434492;0
0.0645508;1.48E+07;614.048;592.75;614.048;4.46715;0.434492;0
0.066206;1.48E+07;614.048;592.75;614.048;4.46716;0.434492;0
0.0678611;1.48E+07;614.048;592.75;614.048;4.46716;0.434492;0
0.0695163;1.48E+07;614.048;592.75;614.048;4.46716;0.434492;0
0.0711714;1.48E+07;614.048;592.75;614.048;4.46716;0.434492;0
0.0728266;1.48E+07;614.048;592.75;614.048;4.46716;0.434492;0
0.0744817;1.48E+07;614.048;592.75;614.048;4.46716;0.434492;0
0.0761368;1.48E+07;614.048;592.75;614.048;4.46717;0.434492;0
0.077792;1.48E+07;614.048;592.75;614.048;4.46717;0.434492;0
0.0794471;1.48E+07;614.047;592.75;614.047;4.46717;0.434492;0
0.0811023;1.48E+07;614.047;592.763;614.047;4.46729;0.434492;0
0.0827574;1.48E+07;614.047;592.784;614.047;4.46748;0.434492;0
0.0844126;1.48E+07;614.047;592.804;614.047;4.46767;0.434492;0
0.0860677;1.48E+07;614.047;592.824;614.047;4.46786;0.434492;0
0.0877229;1.48E+07;614.047;592.844;614.047;4.46804;0.434492;0
0.089378;1.48E+07;614.047;592.864;614.047;4.46823;0.434492;0
0.0910332;1.48E+07;614.047;592.884;614.047;4.46842;0.434492;0
0.0926883;1.48E+07;614.047;592.904;614.047;4.46861;0.434492;0
0.0943435;1.48E+07;614.046;592.925;614.046;4.46879;0.434492;0
0.0959986;1.48E+07;614.046;592.945;614.046;4.46898;0.434492;0
0.0976538;1.48E+07;614.046;592.965;614.046;4.46917;0.434492;0
0.0993089;1.48E+07;614.046;592.985;614.046;4.46936;0.434492;0
0.100964;1.48E+07;614.046;593.014;614.046;4.46973;0.434492;0
0.102619;1.48E+07;614.046;593.051;614.046;4.47023;0.434492;0
0.104274;1.48E+07;614.046;593.087;614.046;4.47074;0.434492;0
0.10593;1.48E+07;614.046;593.123;614.046;4.47124;0.434492;0
0.107585;1.48E+07;614.045;593.159;614.045;4.47175;0.434492;0
0.10924;1.48E+07;614.045;593.195;614.045;4.47225;0.434492;0
0.110895;1.48E+07;614.045;593.232;614.045;4.47275;0.434492;0
0.11255;1.48E+07;614.045;593.268;614.045;4.47326;0.434492;0
0.114205;1.48E+07;614.045;593.304;614.045;4.47376;0.434492;0
0.11586;1.48E+07;614.045;593.34;614.045;4.47427;0.434492;0
0.117516;1.48E+07;614.045;593.376;614.045;4.47477;0.434492;0
0.119171;1.48E+07;614.045;593.413;614.045;4.47528;0.434492;0
0.120826;1.48E+07;614.045;593.449;614.045;4.47578;0.434492;0
0.122481;1.48E+07;614.044;593.485;614.044;4.47631;0.434492;0
0.124136;1.48E+07;614.044;593.521;614.044;4.47699;0.434492;0
0.125791;1.48E+07;614.044;593.557;614.044;4.47767;0.434492;0
0.127446;1.48E+07;614.044;593.593;614.044;4.47834;0.434492;0
0.129102;1.48E+07;614.044;593.629;614.044;4.47902;0.434492;0
0.130757;1.48E+07;614.044;593.665;614.044;4.47969;0.434492;0
0.132412;1.48E+07;614.044;593.701;614.044;4.48037;0.434492;0
0.134067;1.48E+07;614.044;593.737;614.044;4.48105;0.434492;0
0.135722;1.48E+07;614.044;593.774;614.044;4.48172;0.434492;0
0.137377;1.48E+07;614.043;593.81;614.043;4.4824;0.434492;0
0.139033;1.48E+07;614.043;593.846;614.043;4.48308;0.434492;0
0.140688;1.48E+07;614.043;593.882;614.043;4.48375;0.434492;0
0.142343;1.48E+07;614.043;593.918;614.043;4.48443;0.434492;0
0.143998;1.48E+07;614.043;593.954;614.043;4.4851;0.434492;0
0.145653;1.48E+07;614.043;593.99;614.043;4.48578;0.434492;0
0.147308;1.48E+07;614.043;594.026;614.043;4.48646;0.434492;0
0.148963;1.48E+07;614.043;594.062;614.043;4.48715;0.434492;0
0.150619;1.48E+07;614.043;594.098;614.043;4.48783;0.434492;0
0.152274;1.48E+07;614.042;594.133;614.042;4.48851;0.434492;0
0.153929;1.48E+07;614.042;594.169;614.042;4.48919;0.434492;0
0.155584;1.48E+07;614.042;594.205;614.042;4.48987;0.434492;0
0.157239;1.48E+07;614.042;594.241;614.042;4.49055;0.434492;0
0.158894;1.48E+07;614.042;594.277;614.042;4.49123;0.434492;0
0.160549;1.48E+07;614.042;594.313;614.042;4.49192;0.434492;0
0.162205;1.48E+07;614.042;594.349;614.042;4.4926;0.434492;0
0.16386;1.48E+07;614.042;594.385;614.042;4.49328;0.434492;0
0.165515;1.48E+07;614.042;594.421;614.042;4.49396;0.434492;0
0.16717;1.48E+07;614.041;594.457;614.041;4.49464;0.434492;0
0.168825;1.48E+07;614.041;594.492;614.041;4.49533;0.434492;0
0.17048;1.48E+07;614.041;594.528;614.041;4.49601;0.434492;0
0.172135;1.48E+07;614.041;594.564;614.041;4.4967;0.434492;0
0.173791;1.48E+07;614.041;594.6;614.041;4.49739;0.434492;0
0.175446;1.48E+07;614.041;594.635;614.041;4.49807;0.434492;0
0.177101;1.48E+07;614.041;594.671;614.041;4.49876;0.434492;0
0.178756;1.48E+07;614.041;594.707;614.041;4.49945;0.434492;0
0.180411;1.48E+07;614.041;594.743;614.041;4.50013;0.434492;0
0.182066;1.48E+07;614.04;594.778;614.04;4.50082;0.434492;0
0.183722;1.48E+07;614.04;594.814;614.04;4.5015;0.434492;0
0.185377;1.48E+07;614.04;594.85;614.04;4.50219;0.434492;0
0.187032;1.48E+07;614.04;594.886;614.04;4.50288;0.434492;0
0.188687;1.48E+07;614.04;594.921;614.04;4.50356;0.434492;0
0.190342;1.48E+07;614.04;594.957;614.04;4.50425;0.434492;0
0.191997;1.48E+07;614.04;594.993;614.04;4.50494;0.434492;0
0.193652;1.48E+07;614.04;595.028;614.04;4.50563;0.434492;0
0.195308;1.48E+07;614.039;595.064;614.039;4.50632;0.434492;0
0.196963;1.48E+07;614.039;595.099;614.039;4.50702;0.434492;0
0.198618;1.48E+07;614.039;595.135;614.039;4.50771;0.434492;0
0.200273;1.48E+07;614.039;595.17;614.039;4.5084;0.434492;0
0.201928;1.48E+07;614.039;595.206;614.039;4.50909;0.434492;0
0.203583;1.48E+07;614.039;595.242;614.039;4.50978;0.434492;0
0.205238;1.48E+07;614.039;595.277;614.039;4.51047;0.434492;0
0.206894;1.48E+07;614.038;595.313;614.038;4.51116;0.434492;0
0.208549;1.48E+07;614.038;595.348;614.038;4.51185;0.434492;0
0.210204;1.48E+07;614.038;595.384;614.038;4.51254;0.434492;0
0.211859;1.48E+07;614.038;595.419;614.038;4.51323;0.434492;0
0.213514;1.48E+07;614.038;595.455;614.038;4.51393;0.434492;0
0.215169;1.48E+07;614.038;595.49;614.038;4.51462;0.434492;0
0.216825;1.48E+07;614.038;595.526;614.038;4.51532;0.434492;0
0.21848;1.48E+07;614.037;595.561;614.037;4.51601;0.434492;0
0.220135;1.48E+07;614.037;595.597;614.037;4.51671;0.434492;0
0.22179;1.48E+07;614.037;595.632;614.037;4.51741;0.434492;0
0.223445;1.48E+07;614.037;595.667;614.037;4.5181;0.434492;0
0.2251;1.48E+07;614.037;595.703;614.037;4.5188;0.434492;0
0.226755;1.48E+07;614.037;595.738;614.037;4.51949;0.434492;0
0.228411;1.48E+07;614.037;595.774;614.037;4.52019;0.434492;0
0.230066;1.48E+07;614.037;595.809;614.037;4.52088;0.434492;0
0.231721;1.48E+07;614.037;595.845;614.037;4.52158;0.434492;0
0.233376;1.48E+07;614.036;595.88;614.036;4.52227;0.434492;0
0.235031;1.48E+07;614.036;595.915;614.036;4.52297;0.434492;0
0.236686;1.48E+07;614.036;595.951;614.036;4.52368;0.434492;0
0.238341;1.48E+07;614.036;595.986;614.036;4.52438;0.434492;0
0.239997;1.48E+07;614.036;596.021;614.036;4.52508;0.434492;0
0.241652;1.48E+07;614.036;596.057;614.036;4.52578;0.434492;0
0.243307;1.48E+07;614.036;596.092;614.036;4.52648;0.434492;0
0.244962;1.48E+07;614.036;596.127;614.036;4.52718;0.434492;0
0.246617;1.48E+07;614.036;596.163;614.036;4.52788;0.434492;0
0.248272;1.48E+07;614.036;596.198;614.036;4.52858;0.434492;0
0.249927;1.48E+07;614.035;596.233;614.035;4.52928;0.434492;0
0.251583;1.48E+07;614.035;596.268;614.035;4.52998;0.434492;0
0.253238;1.48E+07;614.035;596.304;614.035;4.53068;0.434492;0
0.254893;1.48E+07;614.035;596.339;614.035;4.53138;0.434492;0
0.256548;1.48E+07;614.035;596.374;614.035;4.53209;0.434492;0
0.258203;1.48E+07;614.035;596.409;614.035;4.53279;0.434492;0
0.259858;1.48E+07;614.035;596.445;614.035;4.5335;0.434492;0
0.261514;1.48E+07;614.035;596.48;614.035;4.5342;0.434492;0
0.263169;1.48E+07;614.034;596.515;614.034;4.53491;0.434492;0
0.264824;1.48E+07;614.034;596.55;614.034;4.53561;0.434492;0
0.266479;1.48E+07;614.034;596.585;614.034;4.53632;0.434492;0
0.268134;1.48E+07;614.034;596.62;614.034;4.53703;0.434492;0
0.269789;1.48E+07;614.034;596.655;614.034;4.53773;0.434492;0
0.271444;1.48E+07;614.034;596.69;614.034;4.53844;0.434492;0
0.2731;1.48E+07;614.034;596.726;614.034;4.53914;0.434492;0
0.274755;1.48E+07;614.034;596.761;614.034;4.53985;0.434492;0
0.27641;1.48E+07;614.034;596.796;614.034;4.54055;0.434492;0
0.278065;1.48E+07;614.034;596.831;614.034;4.54126;0.434492;0
0.27972;1.48E+07;614.033;596.866;614.033;4.54197;0.434492;0
0.281375;1.48E+07;614.033;596.901;614.033;4.54268;0.434492;0
0.28303;1.48E+07;614.033;596.936;614.033;4.54339;0.434492;0
0.284686;1.48E+07;614.033;596.971;614.033;4.5441;0.434492;0
0.286341;1.48E+07;614.033;597.006;614.033;4.54481;0.434492;0
0.287996;1.48E+07;614.033;597.04;614.033;4.54552;0.434492;0
0.289651;1.48E+07;614.033;597.075;614.033;4.54623;0.434492;0
0.291306;1.48E+07;614.033;597.11;614.033;4.54694;0.434492;0
0.292961;1.48E+07;614.032;597.145;614.032;4.54765;0.434492;0
0.294617;1.48E+07;614.032;597.18;614.032;4.54836;0.434492;0
0.296272;1.48E+07;614.032;597.215;614.032;4.54907;0.434492;0
0.297927;1.48E+07;614.032;597.25;614.032;4.54978;0.434492;0
0.299582;1.48E+07;614.032;597.285;614.032;4.55049;0.434492;0
0.301237;1.48E+07;614.032;597.32;614.032;4.5512;0.434492;0
0.302892;1.48E+07;614.032;597.355;614.032;4.55192;0.434492;0
0.304547;1.48E+07;614.032;597.39;614.032;4.55263;0.434492;0
0.306203;1.48E+07;614.031;597.424;614.031;4.55335;0.434492;0
0.307858;1.48E+07;614.031;597.459;614.031;4.55406;0.434492;0
0.309513;1.48E+07;614.031;597.494;614.031;4.55478;0.434492;0
0.311168;1.48E+07;614.031;597.529;614.031;4.55549;0.434492;0
0.312823;1.48E+07;614.031;597.563;614.031;4.55621;0.434492;0
0.314478;1.48E+07;614.031;597.598;614.031;4.55692;0.434492;0
0.316133;1.48E+07;614.031;597.633;614.031;4.55764;0.434492;0
0.317789;1.48E+07;614.03;597.668;614.03;4.55835;0.434492;0
0.319444;1.48E+07;614.03;597.703;614.03;4.55907;0.434492;0
0.321099;1.48E+07;614.03;597.737;614.03;4.55978;0.434492;0
0.322754;1.48E+07;614.03;597.772;614.03;4.5605;0.434492;0
0.324409;1.48E+07;614.03;597.807;614.03;4.56122;0.434492;0
0.326064;1.48E+07;614.03;597.841;614.03;4.56194;0.434492;0
0.327719;1.48E+07;614.03;597.876;614.03;4.56266;0.434492;0
0.329375;1.48E+07;614.03;597.911;614.03;4.56338;0.434492;0
0.33103;1.48E+07;614.029;597.945;614.029;4.56409;0.434492;0
0.332685;1.48E+07;614.029;597.98;614.029;4.56481;0.434492;0
0.33434;1.48E+07;614.029;598.015;614.029;4.56553;0.434492;0
0.335995;1.48E+07;614.029;598.049;614.029;4.56625;0.434492;0
0.33765;1.48E+07;614.029;598.084;614.029;4.56697;0.434492;0
0.339306;1.48E+07;614.029;598.119;614.029;4.56769;0.434492;0
0.340961;1.48E+07;614.029;598.153;614.029;4.56841;0.434492;0
0.342616;1.48E+07;614.029;598.188;614.029;4.56913;0.434492;0
0.344271;1.48E+07;614.029;598.223;614.029;4.56985;0.434492;0
0.345926;1.48E+07;614.028;598.257;614.028;4.57057;0.434492;0
0.347581;1.48E+07;614.028;598.292;614.028;4.5713;0.434492;0
0.349236;1.48E+07;614.028;598.326;614.028;4.57202;0.434492;0
0.350892;1.48E+07;614.028;598.361;614.028;4.57274;0.434492;0
0.352547;1.48E+07;614.028;598.395;614.028;4.57347;0.434492;0
0.354202;1.48E+07;614.028;598.43;614.028;4.57419;0.434492;0
0.355857;1.48E+07;614.028;598.464;614.028;4.57491;0.434492;0
0.357512;1.48E+07;614.028;598.498;614.028;4.57564;0.434492;0
0.359167;1.48E+07;614.027;598.533;614.027;4.57636;0.434492;0
0.360822;1.48E+07;614.027;598.568;614.027;4.57709;0.434492;0
0.362478;1.48E+07;614.027;598.602;614.027;4.57781;0.434492;0
0.364133;1.48E+07;614.027;598.636;614.027;4.57853;0.434492;0
0.365788;1.48E+07;614.027;598.671;614.027;4.57926;0.434492;0
0.367443;1.48E+07;614.027;598.705;614.027;4.57998;0.434492;0
0.369098;1.48E+07;614.027;598.74;614.027;4.58071;0.434492;0
0.370753;1.48E+07;614.027;598.774;614.027;4.58144;0.434492;0
0.372408;1.48E+07;614.027;598.808;614.027;4.58217;0.434492;0
0.374064;1.48E+07;614.026;598.843;614.026;4.5829;0.434492;0
0.375719;1.48E+07;614.026;598.877;614.026;4.58363;0.434492;0
0.377374;1.48E+07;614.026;598.911;614.026;4.58436;0.434492;0
0.379029;1.48E+07;614.026;598.946;614.026;4.58508;0.434492;0
0.380684;1.48E+07;614.026;598.98;614.026;4.58581;0.434492;0
0.382339;1.48E+07;614.026;599.015;614.026;4.58654;0.434492;0
0.383995;1.48E+07;614.026;599.049;614.026;4.58727;0.434492;0
0.38565;1.48E+07;614.026;599.083;614.026;4.588;0.434492;0
0.387305;1.48E+07;614.026;599.118;614.026;4.58873;0.434492;0
0.38896;1.48E+07;614.026;599.152;614.026;4.58946;0.434492;0
0.390615;1.48E+07;614.025;599.186;614.025;4.59019;0.434492;0
0.39227;1.48E+07;614.025;599.22;614.025;4.59092;0.434492;0
0.393925;1.48E+07;614.025;599.254;614.025;4.59165;0.434492;0
0.395581;1.48E+07;614.025;599.289;614.025;4.59239;0.434492;0
0.397236;1.48E+07;614.025;599.323;614.025;4.59312;0.434492;0
0.398891;1.48E+07;614.025;599.357;614.025;4.59385;0.434492;0
0.400546;1.48E+07;614.025;599.391;614.025;4.59459;0.434492;0
0.402201;1.48E+07;614.025;599.425;614.025;4.59532;0.434492;0
0.403856;1.48E+07;614.025;599.459;614.025;4.59605;0.434492;0
0.405511;1.48E+07;614.024;599.494;614.024;4.59678;0.434492;0
0.407167;1.48E+07;614.024;599.528;614.024;4.59752;0.434492;0
0.408822;1.48E+07;614.024;599.562;614.024;4.59825;0.434492;0
0.410477;1.48E+07;614.024;599.596;614.024;4.59898;0.434492;0
0.412132;1.48E+07;614.024;599.63;614.024;4.59972;0.434492;0
0.413787;1.48E+07;614.024;599.664;614.024;4.60045;0.434492;0
0.415442;1.48E+07;614.024;599.698;614.024;4.60119;0.434492;0
0.417098;1.48E+07;614.023;599.732;614.023;4.60193;0.434492;0
0.418753;1.48E+07;614.023;599.766;614.023;4.60267;0.434492;0
0.420408;1.48E+07;614.023;599.8;614.023;4.6034;0.434492;0
0.422063;1.48E+07;614.023;599.834;614.023;4.60414;0.434492;0
0.423718;1.48E+07;614.023;599.868;614.023;4.60488;0.434492;0
0.425373;1.48E+07;614.023;599.902;614.023;4.60562;0.434492;0
0.427028;1.48E+07;614.023;599.936;614.023;4.60635;0.434492;0
0.428684;1.48E+07;614.022;599.97;614.022;4.60709;0.434492;0
0.430339;1.48E+07;614.022;600.004;614.022;4.60783;0.434492;0
0.431994;1.48E+07;614.022;600.038;614.022;4.60856;0.434492;0
0.433649;1.48E+07;614.022;600.072;614.022;4.6093;0.434492;0
0.435304;1.48E+07;614.022;600.105;614.022;4.61004;0.434492;0
0.436959;1.48E+07;614.022;600.139;614.022;4.61079;0.434492;0
0.438614;1.48E+07;614.022;600.173;614.022;4.61153;0.434492;0
0.44027;1.48E+07;614.021;600.207;614.021;4.61227;0.434492;0
0.441925;1.48E+07;614.021;600.241;614.021;4.61301;0.434492;0
0.44358;1.48E+07;614.021;600.275;614.021;4.61375;0.434492;0
0.445235;1.48E+07;614.021;600.308;614.021;4.61449;0.434492;0
0.44689;1.48E+07;614.021;600.342;614.021;4.61524;0.434492;0
0.448545;1.48E+07;614.021;600.376;614.021;4.61598;0.434492;0
0.4502;1.48E+07;614.021;600.41;614.021;4.61672;0.434492;0
0.451856;1.48E+07;614.021;600.444;614.021;4.61746;0.434492;0
0.453511;1.48E+07;614.021;600.477;614.021;4.6182;0.434492;0
0.455166;1.48E+07;614.021;600.511;614.021;4.61894;0.434492;0
0.456821;1.48E+07;614.02;600.545;614.02;4.61969;0.434492;0
0.458476;1.48E+07;614.02;600.579;614.02;4.62043;0.434492;0
0.460131;1.48E+07;614.02;600.612;614.02;4.62118;0.434492;0
0.461787;1.48E+07;614.02;600.646;614.02;4.62193;0.434492;0
0.463442;1.48E+07;614.02;600.68;614.02;4.62267;0.434492;0
0.465097;1.48E+07;614.02;600.713;614.02;4.62342;0.434492;0
0.466752;1.48E+07;614.02;600.747;614.02;4.62416;0.434492;0
0.468407;1.48E+07;614.02;600.78;614.02;4.62491;0.434492;0
0.470062;1.48E+07;614.02;600.814;614.02;4.62566;0.434492;0
0.471717;1.48E+07;614.019;600.848;614.019;4.6264;0.434492;0
0.473373;1.48E+07;614.019;600.881;614.019;4.62715;0.434492;0
0.475028;1.48E+07;614.019;600.915;614.019;4.62789;0.434492;0
0.476683;1.48E+07;614.019;600.949;614.019;4.62864;0.434492;0
0.478338;1.48E+07;614.019;600.982;614.019;4.62939;0.434492;0
0.479993;1.48E+07;614.019;601.016;614.019;4.63014;0.434492;0
0.481648;1.48E+07;614.019;601.049;614.019;4.63089;0.434492;0
0.483303;1.48E+07;614.018;601.083;614.018;4.63164;0.434492;0
0.484959;1.48E+07;614.018;601.116;614.018;4.63239;0.434492;0
0.486614;1.48E+07;614.018;601.149;614.018;4.63314;0.434492;0
0.488269;1.48E+07;614.018;601.183;614.018;4.63389;0.434492;0
0.489924;1.48E+07;614.018;601.216;614.018;4.63464;0.434492;0
0.491579;1.48E+07;614.018;601.25;614.018;4.63539;0.434492;0
0.493234;1.48E+07;614.018;601.283;614.018;4.63614;0.434492;0
0.49489;1.48E+07;614.017;601.317;614.017;4.63689;0.434492;0
0.496545;1.48E+07;614.017;601.35;614.017;4.63764;0.434492;0
0.4982;1.48E+07;614.017;601.384;614.017;4.63839;0.434492;0
0.499855;1.48E+07;614.017;601.417;614.017;4.63914;0.434492;0
0.50151;1.48E+07;614.017;601.45;614.017;4.63989;0.434492;0
0.503165;1.48E+07;614.017;601.484;614.017;4.64065;0.434492;0
0.50482;1.48E+07;614.017;601.517;614.017;4.6414;0.434492;0
0.506476;1.48E+07;614.017;601.55;614.017;4.64216;0.434492;0
0.508131;1.48E+07;614.016;601.584;614.016;4.64291;0.434492;0
0.509786;1.48E+07;614.016;601.617;614.016;4.64366;0.434492;0
0.511441;1.48E+07;614.016;601.65;614.016;4.64442;0.434492;0
0.513096;1.48E+07;614.016;601.683;614.016;4.64517;0.434492;0
0.514751;1.48E+07;614.016;601.717;614.016;4.64593;0.434492;0
0.516406;1.48E+07;614.016;601.75;614.016;4.64668;0.434492;0
0.518062;1.48E+07;614.016;601.783;614.016;4.64744;0.434492;0
0.519717;1.48E+07;614.016;601.817;614.016;4.64819;0.434492;0
0.521372;1.48E+07;614.016;601.85;614.016;4.64894;0.434492;0
0.523027;1.48E+07;614.015;601.883;614.015;4.6497;0.434492;0
0.524682;1.48E+07;614.015;601.916;614.015;4.65046;0.434492;0
0.526337;1.48E+07;614.015;601.95;614.015;4.65122;0.434492;0
0.527992;1.48E+07;614.015;601.983;614.015;4.65198;0.434492;0
0.529648;1.48E+07;614.015;602.016;614.015;4.65273;0.434492;0
0.531303;1.48E+07;614.015;602.049;614.015;4.65349;0.434492;0
0.532958;1.48E+07;614.015;602.082;614.015;4.65425;0.434492;0
0.534613;1.48E+07;614.015;602.115;614.015;4.65501;0.434492;0
0.536268;1.48E+07;614.015;602.148;614.015;4.65577;0.434492;0
0.537923;1.48E+07;614.014;602.182;614.014;4.65653;0.434492;0
0.539579;1.48E+07;614.014;602.215;614.014;4.65729;0.434492;0
0.541234;1.48E+07;614.014;602.248;614.014;4.65804;0.434492;0
0.542889;1.48E+07;614.014;602.281;614.014;4.6588;0.434492;0
0.544544;1.48E+07;614.014;602.314;614.014;4.65956;0.434492;0
0.546199;1.48E+07;614.014;602.347;614.014;4.66032;0.434492;0
0.547854;1.48E+07;614.014;602.38;614.014;4.66109;0.434492;0
0.549509;1.48E+07;614.014;602.413;614.014;4.66185;0.434492;0
0.551165;1.48E+07;614.013;602.446;614.013;4.66261;0.434492;0
0.55282;1.48E+07;614.013;602.479;614.013;4.66337;0.434492;0
0.554475;1.48E+07;614.013;602.512;614.013;4.66414;0.434492;0
0.55613;1.48E+07;614.013;602.545;614.013;4.6649;0.434492;0
0.557785;1.48E+07;614.013;602.578;614.013;4.66566;0.434492;0
0.55944;1.48E+07;614.013;602.611;614.013;4.66642;0.434492;0
0.561095;1.48E+07;614.012;602.644;614.012;4.66719;0.434492;0
0.562751;1.48E+07;614.012;602.677;614.012;4.66795;0.434492;0
0.564406;1.48E+07;614.012;602.71;614.012;4.66871;0.434492;0
0.566061;1.48E+07;614.012;602.743;614.012;4.66947;0.434492;0
0.567716;1.48E+07;614.012;602.776;614.012;4.67024;0.434492;0
0.569371;1.48E+07;614.012;602.808;614.012;4.67101;0.434492;0
0.571026;1.48E+07;614.012;602.841;614.012;4.67177;0.434492;0
0.572682;1.48E+07;614.012;602.874;614.012;4.67254;0.434492;0
0.574337;1.48E+07;614.011;602.907;614.011;4.6733;0.434492;0
0.575992;1.48E+07;614.011;602.939;614.011;4.67407;0.434492;0
0.577647;1.48E+07;614.011;602.972;614.011;4.67484;0.434492;0
0.579302;1.48E+07;614.011;603.005;614.011;4.6756;0.434492;0
0.580957;1.48E+07;614.011;603.038;614.011;4.67637;0.434492;0
0.582612;1.48E+07;614.011;603.071;614.011;4.67714;0.434492;0
0.584268;1.48E+07;614.011;603.103;614.011;4.6779;0.434492;0
0.585923;1.48E+07;614.011;603.136;614.011;4.67867;0.434492;0
0.587578;1.48E+07;614.011;603.169;614.011;4.67943;0.434492;0
0.589233;1.48E+07;614.01;603.202;614.01;4.6802;0.434492;0
0.590888;1.48E+07;614.01;603.234;614.01;4.68097;0.434492;0
0.592543;1.48E+07;614.01;603.267;614.01;4.68174;0.434492;0
0.594198;1.48E+07;614.01;603.3;614.01;4.68251;0.434492;0
0.595854;1.48E+07;614.01;603.332;614.01;4.68328;0.434492;0
0.597509;1.48E+07;614.01;603.365;614.01;4.68405;0.434492;0
0.599164;1.48E+07;614.01;603.397;614.01;4.68482;0.434492;0
0.600819;1.48E+07;614.01;603.43;614.01;4.68559;0.434492;0
0.602474;1.48E+07;614.01;603.463;614.01;4.68636;0.434492;0
0.604129;1.48E+07;614.009;603.495;614.009;4.68713;0.434492;0
0.605784;1.48E+07;614.009;603.528;614.009;4.6879;0.434492;0
0.60744;1.48E+07;614.009;603.561;614.009;4.68867;0.434492;0
0.609095;1.48E+07;614.009;603.593;614.009;4.68944;0.434492;0
0.61075;1.48E+07;614.009;603.626;614.009;4.69021;0.434492;0
0.612405;1.48E+07;614.009;603.658;614.009;4.69098;0.434492;0
0.61406;1.48E+07;614.009;603.691;614.009;4.69176;0.434492;0
0.615715;1.48E+07;614.009;603.723;614.009;4.69253;0.434492;0
0.617371;1.48E+07;614.008;603.756;614.008;4.69331;0.434492;0
0.619026;1.48E+07;614.008;603.788;614.008;4.69408;0.434492;0
0.620681;1.48E+07;614.008;603.821;614.008;4.69485;0.434492;0
0.622336;1.48E+07;614.008;603.853;614.008;4.69563;0.434492;0
0.623991;1.48E+07;614.008;603.885;614.008;4.6964;0.434492;0
0.625646;1.48E+07;614.008;603.918;614.008;4.69717;0.434492;0
0.627301;1.48E+07;614.008;603.95;614.008;4.69795;0.434492;0
0.628957;1.48E+07;614.007;603.983;614.007;4.69872;0.434492;0
0.630612;1.48E+07;614.007;604.015;614.007;4.6995;0.434492;0
0.632267;1.48E+07;614.007;604.048;614.007;4.70027;0.434492;0
0.633922;1.48E+07;614.007;604.08;614.007;4.70104;0.434492;0
0.635577;1.48E+07;614.007;604.112;614.007;4.70182;0.434492;0
0.637232;1.48E+07;614.007;604.145;614.007;4.7026;0.434492;0
0.638887;1.48E+07;614.007;604.177;614.007;4.70338;0.434492;0
0.640543;1.48E+07;614.006;604.209;614.006;4.70416;0.434492;0
0.642198;1.48E+07;614.006;604.241;614.006;4.70493;0.434492;0
0.643853;1.48E+07;614.006;604.274;614.006;4.70571;0.434492;0
0.645508;1.48E+07;614.006;604.306;614.006;4.70649;0.434492;0
0.647163;1.48E+07;614.006;604.338;614.006;4.70727;0.434492;0
0.648818;1.48E+07;614.006;604.37;614.006;4.70805;0.434492;0
0.650474;1.48E+07;614.006;604.403;614.006;4.70882;0.434492;0
0.652129;1.48E+07;614.006;604.435;614.006;4.7096;0.434492;0
0.653784;1.48E+07;614.006;604.467;614.006;4.71038;0.434492;0
0.655439;1.48E+07;614.005;604.499;614.005;4.71116;0.434492;0
0.657094;1.48E+07;614.005;604.532;614.005;4.71194;0.434492;0
0.658749;1.48E+07;614.005;604.564;614.005;4.71272;0.434492;0
0.660404;1.48E+07;614.005;604.596;614.005;4.7135;0.434492;0
0.66206;1.48E+07;614.005;604.628;614.005;4.71428;0.434492;0
0.663715;1.48E+07;614.005;604.66;614.005;4.71506;0.434492;0
0.66537;1.48E+07;614.005;604.692;614.005;4.71585;0.434492;0
0.667025;1.48E+07;614.005;604.724;614.005;4.71663;0.434492;0
0.66868;1.48E+07;614.005;604.756;614.005;4.71741;0.434492;0
0.670335;1.48E+07;614.005;604.788;614.005;4.71819;0.434492;0
0.67199;1.48E+07;614.004;604.821;614.004;4.71897;0.434492;0
0.673646;1.48E+07;614.004;604.853;614.004;4.71975;0.434492;0
0.675301;1.48E+07;614.004;604.885;614.004;4.72053;0.434492;0
0.676956;1.48E+07;614.004;604.917;614.004;4.72132;0.434492;0
0.678611;1.48E+07;614.004;604.949;614.004;4.7221;0.434492;0
0.680266;1.48E+07;614.004;604.981;614.004;4.72288;0.434492;0
0.681921;1.48E+07;614.004;605.013;614.004;4.72367;0.434492;0
0.683577;1.48E+07;614.003;605.045;614.003;4.72445;0.434492;0
0.685232;1.48E+07;614.003;605.077;614.003;4.72524;0.434492;0
0.686887;1.48E+07;614.003;605.109;614.003;4.72602;0.434492;0
0.688542;1.48E+07;614.003;605.14;614.003;4.72681;0.434492;0
0.690197;1.48E+07;614.003;605.172;614.003;4.72759;0.434492;0
0.691852;1.48E+07;614.003;605.204;614.003;4.72838;0.434492;0
0.693507;1.48E+07;614.003;605.236;614.003;4.72916;0.434492;0
0.695163;1.48E+07;614.002;605.268;614.002;4.72995;0.434492;0
0.696818;1.48E+07;614.002;605.3;614.002;4.73073;0.434492;0
0.698473;1.48E+07;614.002;605.332;614.002;4.73152;0.434492;0
0.700128;1.48E+07;614.002;605.364;614.002;4.7323;0.434492;0
0.701783;1.48E+07;614.002;605.396;614.002;4.73309;0.434492;0
0.703438;1.48E+07;614.002;605.427;614.002;4.73388;0.434492;0
0.705093;1.48E+07;614.002;605.459;614.002;4.73467;0.434492;0
0.706749;1.48E+07;614.002;605.491;614.002;4.73546;0.434492;0
0.708404;1.48E+07;614.001;605.523;614.001;4.73625;0.434492;0
0.710059;1.48E+07;614.001;605.554;614.001;4.73703;0.434492;0
0.711714;1.48E+07;614.001;605.586;614.001;4.73782;0.434492;0
0.713369;1.48E+07;614.001;605.618;614.001;4.73861;0.434492;0
0.715024;1.48E+07;614.001;605.65;614.001;4.7394;0.434492;0
0.716679;1.48E+07;614.001;605.681;614.001;4.74019;0.434492;0
0.718335;1.48E+07;614.001;605.713;614.001;4.74098;0.434492;0
0.71999;1.48E+07;614.001;605.745;614.001;4.74177;0.434492;0
0.721645;1.48E+07;614;605.776;614;4.74255;0.434492;0
0.7233;1.48E+07;614;605.808;614;4.74335;0.434492;0
0.724955;1.48E+07;614;605.84;614;4.74414;0.434492;0
0.72661;1.48E+07;614;605.871;614;4.74493;0.434492;0
0.728265;1.48E+07;614;605.903;614;4.74572;0.434492;0
0.729921;1.48E+07;614;605.934;614;4.74652;0.434492;0
0.731576;1.48E+07;614;605.966;614;4.74731;0.434492;0
0.733231;1.48E+07;614;605.998;614;4.7481;0.434492;0
0.734886;1.48E+07;614;606.029;614;4.74889;0.434492;0
0.736541;1.48E+07;614;606.061;614;4.74968;0.434492;0
0.738196;1.48E+07;613.999;606.092;613.999;4.75048;0.434492;0
0.739852;1.48E+07;613.999;606.124;613.999;4.75127;0.434492;0
0.741507;1.48E+07;613.999;606.156;613.999;4.75206;0.434492;0
0.743162;1.48E+07;613.999;606.187;613.999;4.75285;0.434492;0
0.744817;1.48E+07;613.999;606.219;613.999;4.75365;0.434492;0
0.746472;1.48E+07;613.999;606.25;613.999;4.75444;0.434492;0
0.748127;1.48E+07;613.999;606.281;613.999;4.75524;0.434492;0
0.749782;1.48E+07;613.999;606.313;613.999;4.75603;0.434492;0
0.751438;1.48E+07;613.998;606.344;613.998;4.75683;0.434492;0
0.753093;1.48E+07;613.998;606.376;613.998;4.75763;0.434492;0
0.754748;1.48E+07;613.998;606.407;613.998;4.75842;0.434492;0
0.756403;1.48E+07;613.998;606.438;613.998;4.75922;0.434492;0
0.758058;1.48E+07;613.998;606.47;613.998;4.76001;0.434492;0
0.759713;1.48E+07;613.998;606.501;613.998;4.76081;0.434492;0
0.761368;1.48E+07;613.997;606.533;613.997;4.7616;0.434492;0
0.763024;1.48E+07;613.997;606.564;613.997;4.7624;0.434492;0
0.764679;1.48E+07;613.997;606.596;613.997;4.7632;0.434492;0
0.766334;1.48E+07;613.997;606.627;613.997;4.76399;0.434492;0
0.767989;1.48E+07;613.997;606.658;613.997;4.76479;0.434492;0
0.769644;1.48E+07;613.997;606.689;613.997;4.76559;0.434492;0
0.771299;1.48E+07;613.997;606.72;613.997;4.76639;0.434492;0
0.772955;1.48E+07;613.997;606.752;613.997;4.76719;0.434492;0
0.77461;1.48E+07;613.996;606.783;613.996;4.76798;0.434492;0
0.776265;1.48E+07;613.996;606.814;613.996;4.76878;0.434492;0
0.77792;1.48E+07;613.996;606.845;613.996;4.76958;0.434492;0
0.779575;1.48E+07;613.996;606.876;613.996;4.77038;0.434492;0
0.78123;1.48E+07;613.996;606.908;613.996;4.77118;0.434492;0
0.782885;1.48E+07;613.996;606.939;613.996;4.77198;0.434492;0
0.784541;1.48E+07;613.996;606.97;613.996;4.77278;0.434492;0
0.786196;1.48E+07;613.996;607.001;613.996;4.77357;0.434492;0
0.787851;1.48E+07;613.996;607.032;613.996;4.77437;0.434492;0
0.789506;1.48E+07;613.995;607.063;613.995;4.77517;0.434492;0
0.791161;1.48E+07;613.995;607.094;613.995;4.77598;0.434492;0
0.792816;1.48E+07;613.995;607.125;613.995;4.77678;0.434492;0
0.794471;1.48E+07;613.995;607.156;613.995;4.77758;0.434492;0
0.796127;1.48E+07;613.995;607.188;613.995;4.77838;0.434492;0
0.797782;1.48E+07;613.995;607.219;613.995;4.77918;0.434492;0
0.799437;1.48E+07;613.995;607.25;613.995;4.77999;0.434492;0
0.801092;1.48E+07;613.995;607.281;613.995;4.78079;0.434492;0
0.802747;1.48E+07;613.995;607.312;613.995;4.78159;0.434492;0
0.804402;1.48E+07;613.994;607.343;613.994;4.78239;0.434492;0
0.806058;1.48E+07;613.994;607.374;613.994;4.78319;0.434492;0
0.807713;1.48E+07;613.994;607.405;613.994;4.784;0.434492;0
0.809368;1.48E+07;613.994;607.436;613.994;4.7848;0.434492;0
0.811023;1.48E+07;613.994;607.467;613.994;4.7856;0.434492;0
0.812678;1.48E+07;613.994;607.498;613.994;4.78641;0.434492;0
0.814333;1.48E+07;613.994;607.528;613.994;4.78721;0.434492;0
0.815988;1.48E+07;613.994;607.559;613.994;4.78802;0.434492;0
0.817644;1.48E+07;613.993;607.59;613.993;4.78882;0.434492;0
0.819299;1.48E+07;613.993;607.621;613.993;4.78963;0.434492;0
0.820954;1.48E+07;613.993;607.652;613.993;4.79043;0.434492;0
0.822609;1.48E+07;613.993;607.683;613.993;4.79124;0.434492;0
0.824264;1.48E+07;613.993;607.714;613.993;4.79204;0.434492;0
0.825919;1.48E+07;613.993;607.744;613.993;4.79285;0.434492;0
0.827574;1.48E+07;613.992;607.775;613.992;4.79365;0.434492;0
0.82923;1.48E+07;613.992;607.806;613.992;4.79446;0.434492;0
0.830885;1.48E+07;613.992;607.837;613.992;4.79526;0.434492;0
0.83254;1.48E+07;613.992;607.868;613.992;4.79607;0.434492;0
0.834195;1.48E+07;613.992;607.898;613.992;4.79688;0.434492;0
0.83585;1.48E+07;613.992;607.929;613.992;4.79769;0.434492;0
0.837505;1.48E+07;613.992;607.96;613.992;4.79849;0.434492;0
0.839161;1.48E+07;613.991;607.99;613.991;4.7993;0.434492;0
0.840816;1.48E+07;613.991;608.021;613.991;4.80011;0.434492;0
0.842471;1.48E+07;613.991;608.052;613.991;4.80092;0.434492;0
0.844126;1.48E+07;613.991;608.082;613.991;4.80173;0.434492;0
0.845781;1.48E+07;613.991;608.113;613.991;4.80254;0.434492;0
0.847436;1.48E+07;613.991;608.144;613.991;4.80334;0.434492;0
0.849091;1.48E+07;613.991;608.174;613.991;4.80415;0.434492;0
0.850747;1.48E+07;613.99;608.205;613.99;4.80496;0.434492;0
0.852402;1.48E+07;613.99;608.236;613.99;4.80577;0.434492;0
0.854057;1.48E+07;613.99;608.266;613.99;4.80658;0.434492;0
0.855712;1.48E+07;613.99;608.297;613.99;4.80739;0.434492;0
0.857367;1.48E+07;613.99;608.327;613.99;4.8082;0.434492;0
0.859022;1.48E+07;613.99;608.358;613.99;4.80901;0.434492;0
0.860677;1.48E+07;613.99;608.388;613.99;4.80982;0.434492;0
0.862333;1.48E+07;613.99;608.419;613.99;4.81063;0.434492;0
0.863988;1.48E+07;613.989;608.449;613.989;4.81144;0.434492;0
0.865643;1.48E+07;613.989;608.48;613.989;4.81226;0.434492;0
0.867298;1.48E+07;613.989;608.51;613.989;4.81307;0.434492;0
0.868953;1.48E+07;613.989;608.541;613.989;4.81388;0.434492;0
0.870608;1.48E+07;613.989;608.571;613.989;4.81469;0.434492;0
0.872263;1.48E+07;613.989;608.602;613.989;4.8155;0.434492;0
0.873919;1.48E+07;613.989;608.633;613.989;4.81632;0.434492;0
0.875574;1.48E+07;613.989;608.663;613.989;4.81713;0.434492;0
0.877229;1.48E+07;613.989;608.693;613.989;4.81794;0.434492;0
0.878884;1.48E+07;613.988;608.723;613.988;4.8189;0.434462;2.96E-05
0.880539;1.48E+07;613.988;608.753;613.988;4.8199;0.434425;6.72E-05
0.882194;1.48E+07;613.988;608.782;613.988;4.8209;0.434387;0.000104768
0.88385;1.48E+07;613.988;608.812;613.988;4.82191;0.43435;0.000142339
0.885505;1.48E+07;613.988;608.842;613.988;4.82291;0.434312;0.00017991
0.88716;1.48E+07;613.988;608.871;613.988;4.82391;0.434275;0.000217482
0.888815;1.48E+07;613.988;608.901;613.988;4.82491;0.434237;0.000255052
0.89047;1.48E+07;613.988;608.93;613.988;4.82591;0.4342;0.000292623
0.892125;1.48E+07;613.988;608.96;613.988;4.82692;0.434162;0.000330194
0.89378;1.48E+07;613.987;608.99;613.987;4.82792;0.434124;0.000367766
0.895436;1.48E+07;613.987;609.019;613.987;4.82892;0.434087;0.000405337
0.897091;1.48E+07;613.987;609.049;613.987;4.82992;0.434049;0.000442908
0.898746;1.48E+07;613.987;609.078;613.987;4.83092;0.434012;0.00048048
0.900401;1.48E+07;613.987;609.107;613.987;4.83212;0.43395;0.000542183
0.902056;1.48E+07;613.987;609.135;613.987;4.83363;0.433847;0.000645691
0.903711;1.48E+07;613.987;609.163;613.987;4.83515;0.433743;0.0007492
0.905366;1.48E+07;613.987;609.191;613.987;4.83667;0.43364;0.000852712
0.907022;1.48E+07;613.986;609.219;613.986;4.83819;0.433536;0.00095622
0.908677;1.48E+07;613.986;609.247;613.986;4.83971;0.433433;0.00105973
0.910332;1.48E+07;613.986;609.275;613.986;4.84123;0.433329;0.00116324
0.911987;1.48E+07;613.986;609.303;613.986;4.84275;0.433226;0.00126675
0.913642;1.48E+07;613.986;609.331;613.986;4.84427;0.433122;0.00137026
0.915297;1.48E+07;613.986;609.359;613.986;4.84578;0.433019;0.00147377
0.916952;1.48E+07;613.985;609.387;613.985;4.8473;0.432915;0.00157728
0.918608;1.48E+07;613.985;609.415;613.985;4.84882;0.432812;0.00168079
0.920263;1.48E+07;613.985;609.443;613.985;4.85034;0.432708;0.0017843
0.921918;1.48E+07;613.985;609.471;613.985;4.85186;0.432605;0.00188781
0.923573;1.48E+07;613.985;609.498;613.985;4.85392;0.432453;0.00203958
0.925228;1.48E+07;613.985;609.524;613.985;4.85602;0.432298;0.00219425
0.926883;1.48E+07;613.985;609.551;613.985;4.85812;0.432144;0.00234893
0.928539;1.48E+07;613.984;609.577;613.985;4.86022;0.431989;0.0025036
0.930194;1.48E+07;613.984;609.604;613.984;4.86232;0.431834;0.00265827
0.931849;1.48E+07;613.984;609.63;613.984;4.86442;0.43168;0.00281294
0.933504;1.48E+07;613.984;609.657;613.984;4.86652;0.431525;0.00296762
0.935159;1.48E+07;613.984;609.683;613.984;4.86862;0.43137;0.00312229
0.936814;1.48E+07;613.984;609.71;613.984;4.87071;0.431216;0.00327696
0.938469;1.48E+07;613.984;609.736;613.984;4.87281;0.431061;0.00343163
0.940125;1.48E+07;613.983;609.763;613.984;4.87491;0.430906;0.0035863
0.94178;1.48E+07;613.983;609.789;613.984;4.87701;0.430752;0.00374097
0.943435;1.48E+07;613.983;609.816;613.984;4.87911;0.430597;0.00389564
0.94509;1.48E+07;613.983;609.841;613.983;4.88144;0.430421;0.00407168
0.946745;1.48E+07;613.983;609.866;613.983;4.884;0.430225;0.00426736
0.9484;1.48E+07;613.983;609.891;613.983;4.88655;0.43003;0.00446303
0.950055;1.48E+07;613.982;609.916;613.983;4.8891;0.429834;0.00465872
0.951711;1.48E+07;613.982;609.941;613.983;4.89166;0.429638;0.0048544
0.953366;1.48E+07;613.982;609.966;613.983;4.89421;0.429443;0.00505007
0.955021;1.48E+07;613.982;609.991;613.983;4.89676;0.429247;0.00524575
0.956676;1.48E+07;613.982;610.016;613.983;4.89932;0.429051;0.00544143
0.958331;1.48E+07;613.982;610.041;613.983;4.90187;0.428856;0.00563711
0.959986;1.48E+07;613.982;610.066;613.982;4.90442;0.42866;0.00583279
0.961642;1.48E+07;613.981;610.091;613.982;4.90698;0.428464;0.00602847
0.963297;1.48E+07;613.981;610.116;613.982;4.90953;0.428269;0.00622415
0.964952;1.48E+07;613.981;610.141;613.982;4.91208;0.428073;0.00641983
0.966607;1.48E+07;613.981;610.166;613.982;4.91467;0.427874;0.00661873
0.968262;1.48E+07;613.981;610.189;613.982;4.91759;0.427646;0.00684707
0.969917;1.48E+07;613.981;610.213;613.982;4.92051;0.427417;0.00707541
0.971572;1.48E+07;613.98;610.236;613.982;4.92342;0.427189;0.00730374
0.973228;1.48E+07;613.98;610.26;613.982;4.92634;0.426961;0.00753209
0.974883;1.48E+07;613.98;610.283;613.981;4.92926;0.426732;0.00776043
0.976538;1.48E+07;613.98;610.306;613.981;4.93217;0.426504;0.00798877
0.978193;1.48E+07;613.98;610.33;613.981;4.93509;0.426276;0.00821712
0.979848;1.48E+07;613.979;610.353;613.981;4.93801;0.426047;0.00844546
0.981503;1.48E+07;613.979;610.377;613.981;4.94092;0.425819;0.0086738
0.983158;1.48E+07;613.979;610.4;613.981;4.94384;0.425591;0.00890214
0.984814;1.48E+07;613.979;610.424;613.981;4.94676;0.425362;0.00913048
0.986469;1.48E+07;613.979;610.447;613.981;4.94967;0.425134;0.00935882
0.988124;1.48E+07;613.979;610.47;613.981;4.95259;0.424906;0.00958716
0.989779;1.48E+07;613.978;610.493;613.98;4.95567;0.424664;0.00982833
0.991434;1.48E+07;613.978;610.514;613.98;4.95883;0.424417;0.0100756
0.993089;1.48E+07;613.978;610.536;613.98;4.96199;0.42417;0.0103229
0.994744;1.48E+07;613.978;610.558;613.98;4.96515;0.423922;0.0105702
0.9964;1.48E+07;613.977;610.58;613.98;4.96831;0.423675;0.0108176
0.998055;1.48E+07;613.977;610.601;613.98;4.97146;0.423428;0.0110649
0.99971;1.48E+07;613.977;610.623;613.98;4.97462;0.423181;0.0113122
1.00137;1.48E+07;613.977;610.645;613.98;4.97778;0.422933;0.0115595
1.00302;1.48E+07;613.977;610.666;613.979;4.98094;0.422686;0.0118068
1.00468;1.48E+07;613.976;610.688;613.979;4.9841;0.422439;0.0120541
1.00633;1.48E+07;613.976;610.71;613.979;4.98726;0.422191;0.0123014
1.00799;1.48E+07;613.976;610.732;613.979;4.99042;0.421944;0.0125487
1.00964;1.48E+07;613.976;610.753;613.979;4.99358;0.421697;0.012796
1.0113;1.48E+07;613.975;610.775;613.979;4.99674;0.421451;0.0130418
1.01295;1.48E+07;613.975;610.795;613.979;4.99993;0.421209;0.0132833
1.01461;1.48E+07;613.975;610.815;613.979;5.00312;0.420968;0.0135248
1.01626;1.48E+07;613.975;610.836;613.979;5.00631;0.420726;0.0137663
1.01792;1.48E+07;613.975;610.856;613.978;5.00949;0.420485;0.0140078
1.01957;1.48E+07;613.974;610.877;613.978;5.01268;0.420243;0.0142493
1.02123;1.48E+07;613.974;610.897;613.978;5.01587;0.420002;0.0144907
1.02288;1.48E+07;613.974;610.917;613.978;5.01906;0.41976;0.0147322
1.02454;1.48E+07;613.974;610.938;613.978;5.02225;0.419519;0.0149737
1.02619;1.48E+07;613.974;610.958;613.978;5.02543;0.419277;0.0152152
1.02785;1.48E+07;613.974;610.978;613.978;5.02862;0.419036;0.0154567
1.0295;1.48E+07;613.973;610.999;613.977;5.03181;0.418794;0.0156982
1.03116;1.48E+07;613.973;611.019;613.977;5.035;0.418553;0.0159397
1.03281;1.48E+07;613.973;611.04;613.977;5.03819;0.418311;0.0161811
1.03447;1.48E+07;613.973;611.059;613.977;5.04133;0.41807;0.0164222
1.03612;1.48E+07;613.973;611.079;613.977;5.04446;0.417829;0.0166632
1.03778;1.48E+07;613.972;611.098;613.977;5.04759;0.417588;0.0169042
1.03943;1.48E+07;613.972;611.118;613.976;5.05072;0.417347;0.0171452
1.04109;1.48E+07;613.972;611.137;613.976;5.05386;0.417106;0.0173862
1.04274;1.48E+07;613.972;611.157;613.976;5.05699;0.416865;0.0176272
1.0444;1.48E+07;613.971;611.176;613.976;5.06012;0.416624;0.0178682
1.04605;1.48E+07;613.971;611.196;613.976;5.06325;0.416383;0.0181092
1.04771;1.48E+07;613.971;611.215;613.976;5.06638;0.416142;0.0183502
1.04936;1.48E+07;613.971;611.234;613.976;5.06952;0.415901;0.0185912
1.05102;1.48E+07;613.971;611.254;613.975;5.07265;0.41566;0.0188322
1.05267;1.48E+07;613.97;611.273;613.975;5.07578;0.415419;0.0190732
1.05433;1.48E+07;613.97;611.293;613.975;5.07891;0.415178;0.0193141
1.05598;1.48E+07;613.97;611.312;613.975;5.08213;0.414923;0.0195693
1.05764;1.48E+07;613.97;611.331;613.975;5.08547;0.414647;0.019845
1.0593;1.48E+07;613.969;611.349;613.975;5.08881;0.414372;0.0201206
1.06095;1.48E+07;613.969;611.368;613.974;5.09215;0.414096;0.0203963
1.06261;1.48E+07;613.969;611.386;613.974;5.09548;0.41382;0.020672
1.06426;1.48E+07;613.969;611.405;613.974;5.09882;0.413545;0.0209477
1.06592;1.48E+07;613.968;611.423;613.974;5.10216;0.413269;0.0212233
1.06757;1.48E+07;613.968;611.442;613.974;5.1055;0.412993;0.021499
1.06923;1.48E+07;613.968;611.46;613.974;5.10884;0.412718;0.0217747
1.07088;1.48E+07;613.968;611.479;613.974;5.11218;0.412442;0.0220503
1.07254;1.48E+07;613.967;611.497;613.973;5.11552;0.412166;0.022326
1.07419;1.48E+07;613.967;611.516;613.973;5.11886;0.411891;0.0226017
1.07585;1.48E+07;613.967;611.534;613.973;5.1222;0.411615;0.0228773
1.0775;1.48E+07;613.967;611.553;613.973;5.12554;0.411339;0.023153
1.07916;1.48E+07;613.966;611.57;613.973;5.12926;0.411036;0.0234567
1.08081;1.48E+07;613.966;611.588;613.973;5.13298;0.410732;0.0237608
1.08247;1.48E+07;613.966;611.605;613.973;5.13671;0.410428;0.0240649
1.08412;1.48E+07;613.966;611.623;613.972;5.14044;0.410123;0.024369
1.08578;1.48E+07;613.965;611.64;613.972;5.14416;0.409819;0.0246731
1.08743;1.48E+07;613.965;611.658;613.972;5.14789;0.409515;0.0249772
1.08909;1.48E+07;613.965;611.675;613.972;5.15162;0.409211;0.0252813
1.09074;1.48E+07;613.965;611.693;613.972;5.15534;0.408907;0.0255854
1.0924;1.48E+07;613.965;611.71;613.972;5.15907;0.408603;0.0258895
1.09405;1.48E+07;613.964;611.728;613.971;5.1628;0.408299;0.0261936
1.09571;1.48E+07;613.964;611.745;613.971;5.16652;0.407995;0.0264977
1.09736;1.48E+07;613.964;611.763;613.971;5.17025;0.40769;0.0268018
1.09902;1.48E+07;613.964;611.78;613.971;5.17398;0.407386;0.0271059
1.10067;1.48E+07;613.963;611.797;613.971;5.17784;0.407077;0.0274153
1.10233;1.48E+07;613.963;611.814;613.971;5.18181;0.406763;0.0277288
1.10398;1.48E+07;613.963;611.83;613.97;5.18577;0.40645;0.0280422
1.10564;1.48E+07;613.963;611.846;613.97;5.18974;0.406136;0.0283557
1.10729;1.48E+07;613.962;611.863;613.97;5.19371;0.405823;0.0286692
1.10895;1.48E+07;613.962;611.879;613.97;5.19768;0.405509;0.0289827
1.1106;1.48E+07;613.962;611.896;613.97;5.20164;0.405196;0.0292961
1.11226;1.48E+07;613.961;611.912;613.97;5.20561;0.404882;0.0296096
1.11392;1.48E+07;613.961;611.929;613.969;5.20958;0.404569;0.0299231
1.11557;1.48E+07;613.961;611.945;613.969;5.21354;0.404255;0.0302365
1.11723;1.48E+07;613.961;611.961;613.969;5.21751;0.403942;0.03055
1.11888;1.48E+07;613.96;611.978;613.969;5.22148;0.403628;0.0308635
1.12054;1.48E+07;613.96;611.994;613.969;5.22545;0.403315;0.031177
1.12219;1.48E+07;613.96;612.011;613.969;5.22943;0.403;0.0314919
1.12385;1.48E+07;613.96;612.026;613.968;5.23354;0.402676;0.0318159
1.1255;1.48E+07;613.959;612.041;613.968;5.23765;0.402352;0.0321399
1.12716;1.48E+07;613.959;612.057;613.968;5.24176;0.402028;0.0324639
1.12881;1.48E+07;613.959;612.072;613.968;5.24587;0.401704;0.0327879
1.13047;1.48E+07;613.958;612.088;613.968;5.24998;0.40138;0.0331119
1.13212;1.48E+07;613.958;612.103;613.967;5.25409;0.401056;0.0334359
1.13378;1.48E+07;613.958;612.118;613.967;5.25819;0.400732;0.0337599
1.13543;1.48E+07;613.958;612.134;613.967;5.2623;0.400408;0.0340839
1.13709;1.48E+07;613.957;612.149;613.967;5.26641;0.400084;0.0344079
1.13874;1.48E+07;613.957;612.164;613.967;5.27052;0.39976;0.0347319
1.1404;1.48E+07;613.957;612.18;613.966;5.27463;0.399436;0.0350559
1.14205;1.48E+07;613.956;612.195;613.966;5.27874;0.399112;0.0353799
1.14371;1.48E+07;613.956;612.211;613.966;5.28285;0.398788;0.0357039
1.14536;1.48E+07;613.956;612.225;613.966;5.28706;0.398458;0.0360344
1.14702;1.48E+07;613.955;612.24;613.966;5.29132;0.398125;0.0363674
1.14867;1.48E+07;613.955;612.254;613.966;5.29558;0.397792;0.0367005
1.15033;1.48E+07;613.955;612.269;613.965;5.29984;0.397459;0.0370335
1.15198;1.48E+07;613.954;612.283;613.965;5.3041;0.397126;0.0373666
1.15364;1.48E+07;613.954;612.297;613.965;5.30835;0.396793;0.0376997
1.15529;1.48E+07;613.954;612.312;613.965;5.31261;0.396459;0.0380327
1.15695;1.48E+07;613.953;612.326;613.965;5.31687;0.396126;0.0383658
1.1586;1.48E+07;613.953;612.341;613.964;5.32113;0.395793;0.0386988
1.16026;1.48E+07;613.953;612.355;613.964;5.32539;0.39546;0.0390319
1.16191;1.48E+07;613.952;612.37;613.964;5.32964;0.395127;0.0393649
1.16357;1.48E+07;613.952;612.384;613.964;5.3339;0.394794;0.039698
1.16522;1.48E+07;613.952;612.398;613.964;5.33816;0.394461;0.0400311
1.16688;1.48E+07;613.951;612.412;613.963;5.34246;0.394126;0.0403664
1.16854;1.48E+07;613.951;612.426;613.963;5.34686;0.393785;0.0407073
1.17019;1.48E+07;613.951;612.439;613.963;5.35126;0.393444;0.0410482
1.17185;1.48E+07;613.95;612.453;613.963;5.35565;0.393103;0.0413891
1.1735;1.48E+07;613.95;612.466;613.963;5.36005;0.392762;0.04173
1.17516;1.48E+07;613.95;612.479;613.963;5.36445;0.392421;0.0420709
1.17681;1.48E+07;613.949;612.493;613.962;5.36885;0.39208;0.0424118
1.17847;1.48E+07;613.949;612.506;613.962;5.37325;0.391739;0.0427527
1.18012;1.48E+07;613.948;612.52;613.962;5.37765;0.391398;0.0430936
1.18178;1.48E+07;613.948;612.533;613.962;5.38204;0.391057;0.0434345
1.18343;1.48E+07;613.948;612.547;613.962;5.38644;0.390717;0.0437754
1.18509;1.48E+07;613.947;612.56;613.961;5.39084;0.390376;0.0441163
1.18674;1.48E+07;613.947;612.573;613.961;5.39524;0.390035;0.0444572
1.1884;1.48E+07;613.947;612.587;613.961;5.39964;0.389694;0.0447981
1.19005;1.48E+07;613.946;612.599;613.961;5.40415;0.389347;0.0451446
1.19171;1.48E+07;613.946;612.612;613.961;5.40868;0.389;0.0454918
1.19336;1.48E+07;613.945;612.624;613.96;5.4132;0.388653;0.045839
1.19502;1.48E+07;613.945;612.637;613.96;5.41773;0.388306;0.0461863
1.19667;1.48E+07;613.945;612.649;613.96;5.42226;0.387958;0.0465335
1.19833;1.48E+07;613.944;612.662;613.96;5.42679;0.387611;0.0468808
1.19998;1.48E+07;613.944;612.674;613.96;5.43132;0.387264;0.047228
1.20164;1.48E+07;613.944;612.686;613.96;5.43585;0.386917;0.0475753
1.20329;1.48E+07;613.943;612.699;613.959;5.44037;0.38657;0.0479225
1.20495;1.48E+07;613.943;612.711;613.959;5.4449;0.386222;0.0482697
1.2066;1.48E+07;613.942;612.724;613.959;5.44943;0.385875;0.048617
1.20826;1.48E+07;613.942;612.736;613.959;5.45396;0.385528;0.0489642
1.20991;1.48E+07;613.942;612.749;613.959;5.45849;0.385181;0.0493115
1.21157;1.48E+07;613.941;612.761;613.958;5.46307;0.384831;0.0496609
1.21322;1.48E+07;613.941;612.772;613.958;5.46771;0.384479;0.050013
1.21488;1.48E+07;613.941;612.784;613.958;5.47236;0.384127;0.0503651
1.21653;1.48E+07;613.94;612.795;613.958;5.477;0.383775;0.0507172
1.21819;1.48E+07;613.94;612.807;613.957;5.48165;0.383423;0.0510694
1.21984;1.48E+07;613.94;612.818;613.957;5.4863;0.383071;0.0514215
1.2215;1.48E+07;613.939;612.83;613.957;5.49094;0.382719;0.0517736
1.22316;1.48E+07;613.939;612.841;613.957;5.49559;0.382367;0.0521257
1.22481;1.48E+07;613.938;612.853;613.956;5.50023;0.382015;0.0524778
1.22647;1.48E+07;613.938;612.864;613.956;5.50488;0.381662;0.05283
1.22812;1.48E+07;613.938;612.876;613.956;5.50952;0.38131;0.0531821
1.22978;1.48E+07;613.937;612.887;613.956;5.51417;0.380958;0.0535342
1.23143;1.48E+07;613.937;612.899;613.955;5.51881;0.380606;0.0538863
1.23309;1.47E+07;613.937;612.91;613.955;5.52346;0.380254;0.0542385
1.23474;1.47E+07;613.936;612.921;613.955;5.52821;0.379898;0.0545941
1.2364;1.47E+07;613.936;612.931;613.954;5.53296;0.379543;0.0549496
1.23805;1.47E+07;613.935;612.942;613.954;5.53771;0.379187;0.0553052
1.23971;1.47E+07;613.935;612.953;613.954;5.54246;0.378832;0.0556607
1.24136;1.47E+07;613.934;612.963;613.954;5.54721;0.378476;0.0560163
1.24302;1.47E+07;613.934;612.974;613.953;5.55196;0.378121;0.0563718
1.24467;1.47E+07;613.934;612.984;613.953;5.55672;0.377765;0.0567273
1.24633;1.47E+07;613.933;612.995;613.953;5.56147;0.37741;0.0570829
1.24798;1.47E+07;613.933;613.005;613.953;5.56622;0.377054;0.0574384
1.24964;1.47E+07;613.932;613.016;613.952;5.57097;0.376698;0.057794
1.25129;1.47E+07;613.932;613.027;613.952;5.57572;0.376343;0.0581495
1.25295;1.47E+07;613.932;613.037;613.952;5.58047;0.375987;0.0585051
1.2546;1.47E+07;613.931;613.048;613.952;5.58522;0.375632;0.0588606
1.25626;1.47E+07;613.931;613.058;613.951;5.59002;0.375275;0.0592174
1.25791;1.47E+07;613.93;613.068;613.951;5.59486;0.374917;0.059575
1.25957;1.47E+07;613.93;613.077;613.951;5.5997;0.37456;0.0599326
1.26122;1.47E+07;613.929;613.087;613.951;5.60454;0.374202;0.0602902
1.26288;1.47E+07;613.929;613.097;613.951;5.60939;0.373845;0.0606478
1.26453;1.47E+07;613.929;613.106;613.95;5.61423;0.373487;0.0610054
1.26619;1.47E+07;613.928;613.116;613.95;5.61907;0.373129;0.061363
1.26784;1.47E+07;613.928;613.126;613.95;5.62391;0.372772;0.0617206
1.2695;1.47E+07;613.927;613.135;613.95;5.62875;0.372414;0.0620782
1.27115;1.47E+07;613.927;613.145;613.949;5.63359;0.372056;0.0624358
1.27281;1.47E+07;613.926;613.155;613.949;5.63843;0.371699;0.0627934
1.27446;1.47E+07;613.926;613.164;613.949;5.64327;0.371341;0.063151
1.27612;1.47E+07;613.925;613.174;613.949;5.64812;0.370984;0.0635086
1.27777;1.47E+07;613.925;613.184;613.948;5.65297;0.370626;0.0638663
1.27943;1.47E+07;613.924;613.192;613.948;5.65789;0.370268;0.0642246
1.28109;1.47E+07;613.924;613.201;613.948;5.66281;0.369909;0.064583
1.28274;1.47E+07;613.924;613.21;613.948;5.66772;0.369551;0.0649413
1.2844;1.47E+07;613.923;613.219;613.947;5.67264;0.369193;0.0652996
1.28605;1.47E+07;613.923;613.228;613.947;5.67756;0.368834;0.0656579
1.28771;1.47E+07;613.922;613.236;613.947;5.68248;0.368476;0.0660162
1.28936;1.47E+07;613.922;613.245;613.947;5.68739;0.368118;0.0663746
1.29102;1.47E+07;613.921;613.254;613.946;5.69231;0.367759;0.0667329
1.29267;1.47E+07;613.921;613.263;613.946;5.69723;0.367401;0.0670912
1.29433;1.47E+07;613.92;613.272;613.946;5.70214;0.367043;0.0674495
1.29598;1.47E+07;613.92;613.28;613.946;5.70706;0.366684;0.0678078
1.29764;1.47E+07;613.92;613.289;613.945;5.71198;0.366326;0.0681661
1.29929;1.47E+07;613.919;613.298;613.945;5.7169;0.365968;0.0685245
1.30095;1.47E+07;613.919;613.306;613.945;5.72187;0.365609;0.0688831
1.3026;1.47E+07;613.918;613.314;613.944;5.72685;0.365251;0.0692417
1.30426;1.47E+07;613.918;613.322;613.944;5.73184;0.364892;0.0696004
1.30591;1.47E+07;613.917;613.33;613.944;5.73683;0.364533;0.0699591
1.30757;1.47E+07;613.917;613.338;613.944;5.74181;0.364174;0.0703178
1.30922;1.47E+07;613.916;613.346;613.943;5.7468;0.363816;0.0706765
1.31088;1.47E+07;613.916;613.354;613.943;5.75179;0.363457;0.0710352
1.31253;1.47E+07;613.916;613.362;613.943;5.75677;0.363098;0.0713938
1.31419;1.47E+07;613.915;613.37;613.942;5.76176;0.36274;0.0717525
1.31584;1.47E+07;613.915;613.377;613.942;5.76674;0.362381;0.0721112
1.3175;1.47E+07;613.914;613.385;613.942;5.77173;0.362022;0.0724699
1.31915;1.47E+07;613.914;613.393;613.942;5.77672;0.361664;0.0728285
1.32081;1.47E+07;613.913;613.401;613.941;5.7817;0.361305;0.0731872
1.32246;1.47E+07;613.913;613.409;613.941;5.78672;0.360945;0.0735469
1.32412;1.47E+07;613.912;613.416;613.941;5.79179;0.360584;0.0739084
1.32577;1.47E+07;613.912;613.423;613.94;5.79686;0.360222;0.0742699
1.32743;1.47E+07;613.911;613.43;613.94;5.80193;0.359861;0.0746313
1.32908;1.47E+07;613.911;613.437;613.94;5.80699;0.359499;0.0749928
1.33074;1.47E+07;613.91;613.443;613.939;5.81206;0.359138;0.0753543
1.33239;1.47E+07;613.91;613.45;613.939;5.81713;0.358776;0.0757159
1.33405;1.47E+07;613.909;613.457;613.939;5.8222;0.358415;0.0760773
1.33571;1.47E+07;613.909;613.464;613.939;5.82727;0.358053;0.0764388
1.33736;1.47E+07;613.908;613.471;613.938;5.83234;0.357692;0.0768003
1.33902;1.47E+07;613.908;613.478;613.938;5.83741;0.357331;0.0771618
1.34067;1.47E+07;613.907;613.485;613.938;5.84248;0.356969;0.0775233
1.34233;1.47E+07;613.907;613.492;613.937;5.84755;0.356608;0.0778848
1.34398;1.47E+07;613.907;613.499;613.937;5.85262;0.356246;0.0782463
1.34564;1.47E+07;613.906;613.505;613.937;5.85776;0.355884;0.0786082
1.34729;1.47E+07;613.905;613.511;613.937;5.86291;0.355522;0.0789702
1.34895;1.47E+07;613.905;613.517;613.936;5.86805;0.35516;0.0793321
1.3506;1.47E+07;613.904;613.523;613.936;5.8732;0.354798;0.0796941
1.35226;1.47E+07;613.904;613.528;613.936;5.87835;0.354436;0.080056
1.35391;1.47E+07;613.903;613.534;613.935;5.8835;0.354074;0.080418
1.35557;1.47E+07;613.903;613.54;613.935;5.88865;0.353712;0.08078
1.35722;1.47E+07;613.902;613.546;613.935;5.89379;0.35335;0.0811419
1.35888;1.47E+07;613.902;613.552;613.935;5.89894;0.352988;0.0815039
1.36053;1.47E+07;613.901;613.558;613.934;5.90409;0.352626;0.0818658
1.36219;1.47E+07;613.9;613.564;613.934;5.90924;0.352264;0.0822278
1.36384;1.47E+07;613.9;613.57;613.934;5.91439;0.351903;0.0825897
1.3655;1.47E+07;613.899;613.576;613.934;5.91953;0.351541;0.0829517
1.36715;1.47E+07;613.899;613.581;613.933;5.9247;0.351181;0.083311
1.36881;1.47E+07;613.898;613.586;613.933;5.92987;0.350825;0.0836676
1.37046;1.47E+07;613.898;613.591;613.933;5.93504;0.350468;0.0840242
1.37212;1.47E+07;613.897;613.596;613.933;5.94022;0.350111;0.0843808
1.37377;1.47E+07;613.896;613.602;613.932;5.94539;0.349755;0.0847374
1.37543;1.47E+07;613.896;613.607;613.932;5.95056;0.349398;0.085094
1.37708;1.47E+07;613.895;613.612;613.932;5.95574;0.349041;0.0854506
1.37874;1.47E+07;613.895;613.617;613.932;5.96091;0.348685;0.0858073
1.38039;1.47E+07;613.894;613.622;613.931;5.96608;0.348328;0.0861639
1.38205;1.47E+07;613.894;613.627;613.931;5.97126;0.347971;0.0865205
1.3837;1.47E+07;613.893;613.632;613.931;5.97643;0.347615;0.0868771
1.38536;1.47E+07;613.893;613.638;613.93;5.98161;0.347258;0.0872337
1.38701;1.47E+07;613.892;613.643;613.93;5.98678;0.346902;0.0875903
1.38867;1.47E+07;613.891;613.648;613.93;5.99195;0.346545;0.0879464
1.39033;1.47E+07;613.891;613.652;613.93;5.9971;0.346196;0.0882957
1.39198;1.47E+07;613.89;613.657;613.929;6.00226;0.345847;0.088645
1.39364;1.47E+07;613.89;613.662;613.929;6.00741;0.345498;0.0889943
1.39529;1.47E+07;613.889;613.666;613.929;6.01256;0.345148;0.0893435
1.39695;1.47E+07;613.888;613.671;613.928;6.01771;0.344799;0.0896928
1.3986;1.47E+07;613.888;613.675;613.928;6.02286;0.34445;0.0900421
1.40026;1.47E+07;613.887;613.68;613.928;6.02802;0.344101;0.0903914
1.40191;1.47E+07;613.887;613.685;613.928;6.03317;0.343751;0.0907407
1.40357;1.47E+07;613.886;613.689;613.927;6.03832;0.343402;0.09109
1.40522;1.47E+07;613.885;613.694;613.927;6.04347;0.343053;0.0914392
1.40688;1.47E+07;613.885;613.699;613.927;6.04862;0.342704;0.0917885
1.40853;1.47E+07;613.884;613.703;613.926;6.05377;0.342354;0.0921378
1.41019;1.47E+07;613.884;613.708;613.926;6.05893;0.342005;0.0924871
1.41184;1.47E+07;613.883;613.712;613.926;6.06405;0.341661;0.092831
1.4135;1.47E+07;613.883;613.716;613.926;6.06916;0.34132;0.0931721
1.41515;1.47E+07;613.882;613.721;613.925;6.07427;0.340979;0.0935131
1.41681;1.47E+07;613.881;613.725;613.925;6.07938;0.340638;0.0938541
1.41846;1.47E+07;613.881;613.729;613.925;6.08449;0.340297;0.0941951
1.42012;1.47E+07;613.88;613.733;613.924;6.0896;0.339956;0.0945362
1.42177;1.47E+07;613.879;613.737;613.924;6.09471;0.339615;0.0948772
1.42343;1.47E+07;613.879;613.741;613.924;6.09982;0.339274;0.0952182
1.42508;1.47E+07;613.878;613.746;613.923;6.10493;0.338933;0.0955593
1.42674;1.47E+07;613.877;613.75;613.923;6.11004;0.338592;0.0959003
1.42839;1.47E+07;613.877;613.754;613.923;6.11515;0.338251;0.0962413
1.43005;1.47E+07;613.876;613.758;613.923;6.12026;0.33791;0.0965824
1.4317;1.47E+07;613.875;613.762;613.922;6.12537;0.337569;0.0969234
1.43336;1.47E+07;613.875;613.766;613.922;6.13047;0.33723;0.0972624
1.43501;1.47E+07;613.874;613.77;613.922;6.13552;0.336898;0.0975946
1.43667;1.47E+07;613.874;613.774;613.921;6.14058;0.336566;0.0979268
1.43832;1.47E+07;613.873;613.778;613.921;6.14563;0.336234;0.098259
1.43998;1.47E+07;613.872;613.781;613.921;6.15069;0.335901;0.0985912
1.44163;1.47E+07;613.872;613.785;613.92;6.15574;0.335569;0.0989234
1.44329;1.47E+07;613.871;613.789;613.92;6.1608;0.335237;0.0992556
1.44494;1.47E+07;613.87;613.793;613.92;6.16585;0.334905;0.0995877
1.4466;1.47E+07;613.87;613.796;613.92;6.17091;0.334573;0.0999199
1.44826;1.47E+07;613.869;613.8;613.919;6.17596;0.33424;0.100252
1.44991;1.47E+07;613.868;613.804;613.919;6.18101;0.333908;0.100584
1.45157;1.47E+07;613.868;613.808;613.919;6.18607;0.333576;0.100916
1.45322;1.47E+07;613.867;613.812;613.918;6.19112;0.333244;0.101249
1.45488;1.47E+07;613.867;613.815;613.918;6.19618;0.332912;0.101581
1.45653;1.47E+07;613.866;613.819;613.918;6.20117;0.332588;0.101905
1.45819;1.47E+07;613.865;613.822;613.917;6.20615;0.332266;0.102227
1.45984;1.47E+07;613.865;613.826;613.917;6.21113;0.331944;0.102549
1.4615;1.47E+07;613.864;613.829;613.917;6.21611;0.331622;0.102871
1.46315;1.47E+07;613.863;613.833;613.916;6.22109;0.3313;0.103193
1.46481;1.47E+07;613.863;613.836;613.916;6.22607;0.330978;0.103514
1.46646;1.47E+07;613.862;613.84;613.916;6.23105;0.330656;0.103836
1.46812;1.47E+07;613.861;613.843;613.915;6.23603;0.330334;0.104158
1.46977;1.47E+07;613.861;613.847;613.915;6.24101;0.330012;0.10448
1.47143;1.47E+07;613.86;613.85;613.915;6.24599;0.32969;0.104802
1.47308;1.47E+07;613.859;613.853;613.914;6.25097;0.329368;0.105124
1.47474;1.47E+07;613.859;613.857;613.914;6.25595;0.329046;0.105446
1.47639;1.47E+07;613.858;613.86;613.914;6.26093;0.328724;0.105768
1.47805;1.47E+07;613.857;613.864;613.913;6.26588;0.328407;0.106085
1.4797;1.47E+07;613.857;613.867;613.913;6.27076;0.328096;0.106396
1.48136;1.47E+07;613.856;613.87;613.913;6.27564;0.327786;0.106706
1.48301;1.47E+07;613.855;613.874;613.912;6.28053;0.327475;0.107017
1.48467;1.47E+07;613.855;613.877;613.912;6.28541;0.327165;0.107327
1.48632;1.47E+07;613.854;613.88;613.912;6.29029;0.326855;0.107637
1.48798;1.47E+07;613.853;613.884;613.911;6.29518;0.326544;0.107947
1.48963;1.47E+07;613.853;613.887;613.911;6.30006;0.326234;0.108258
1.49129;1.47E+07;613.852;613.89;613.911;6.30494;0.325924;0.108568
1.49294;1.47E+07;613.851;613.894;613.91;6.30983;0.325613;0.108879
1.4946;1.47E+07;613.851;613.897;613.91;6.31471;0.325303;0.109189
1.49625;1.47E+07;613.85;613.9;613.91;6.31959;0.324993;0.109499
1.49791;1.47E+07;613.849;613.904;613.909;6.32448;0.324682;0.10981
1.49956;1.47E+07;613.849;613.907;613.909;6.32936;0.324372;0.11012
1.50122;1.47E+07;613.848;613.91;613.909;6.33414;0.324073;0.110419
1.50288;1.47E+07;613.847;613.913;613.908;6.33891;0.323774;0.110718
1.50453;1.47E+07;613.846;613.917;613.908;6.34369;0.323475;0.111017
1.50619;1.47E+07;613.846;613.92;613.908;6.34847;0.323176;0.111316
1.50784;1.47E+07;613.845;613.923;613.908;6.35324;0.322877;0.111615
1.5095;1.47E+07;613.844;613.927;613.907;6.35802;0.322578;0.111914
1.51115;1.47E+07;613.844;613.93;613.907;6.36279;0.322279;0.112213
1.51281;1.47E+07;613.843;613.933;613.907;6.36757;0.32198;0.112512
1.51446;1.47E+07;613.842;613.936;613.906;6.37235;0.321681;0.112811
1.51612;1.47E+07;613.841;613.94;613.906;6.37712;0.321382;0.11311
1.51777;1.47E+07;613.841;613.943;613.906;6.3819;0.321083;0.113409
1.51943;1.47E+07;613.84;613.946;613.905;6.38667;0.320784;0.113708
1.52108;1.47E+07;613.839;613.95;613.905;6.39145;0.320485;0.114007
1.52274;1.47E+07;613.839;613.953;613.905;6.39617;0.320192;0.1143
1.52439;1.47E+07;613.838;613.956;613.905;6.40084;0.319903;0.114589
1.52605;1.47E+07;613.837;613.959;613.904;6.40551;0.319615;0.114877
1.5277;1.47E+07;613.836;613.963;613.904;6.41018;0.319326;0.115166
1.52936;1.47E+07;613.836;613.966;613.904;6.41485;0.319038;0.115454
1.53101;1.47E+07;613.835;613.969;613.903;6.41952;0.31875;0.115742
1.53267;1.47E+07;613.834;613.972;613.903;6.42419;0.318461;0.116031
1.53432;1.47E+07;613.833;613.975;613.902;6.42887;0.318173;0.116319
1.53598;1.47E+07;613.833;613.979;613.902;6.43354;0.317885;0.116607
1.53763;1.47E+07;613.832;613.982;613.902;6.43821;0.317596;0.116896
1.53929;1.47E+07;613.831;613.985;613.901;6.44288;0.317308;0.117184
1.54094;1.47E+07;613.83;613.988;613.901;6.44755;0.317019;0.117473
1.5426;1.47E+07;613.83;613.992;613.901;6.45222;0.316731;0.117761
1.54425;1.47E+07;613.829;613.995;613.9;6.45688;0.316444;0.118048
1.54591;1.47E+07;613.828;613.998;613.9;6.46145;0.316165;0.118327
1.54756;1.47E+07;613.827;614.001;613.9;6.46602;0.315887;0.118605
1.54922;1.47E+07;613.827;614.004;613.899;6.47059;0.315608;0.118884
1.55087;1.47E+07;613.826;614.008;613.899;6.47516;0.31533;0.119162
1.55253;1.47E+07;613.825;614.011;613.899;6.47973;0.315051;0.119441
1.55418;1.47E+07;613.824;614.014;613.898;6.4843;0.314773;0.119719
1.55584;1.47E+07;613.823;614.017;613.898;6.48887;0.314494;0.119998
1.5575;1.47E+07;613.823;614.02;613.897;6.49344;0.314216;0.120276
1.55915;1.47E+07;613.822;614.024;613.897;6.49802;0.313937;0.120555
1.56081;1.47E+07;613.821;614.027;613.897;6.50259;0.313659;0.120833
1.56246;1.47E+07;613.82;614.03;613.896;6.50716;0.31338;0.121112
1.56412;1.47E+07;613.82;614.033;613.896;6.51173;0.313102;0.12139
1.56577;1.47E+07;613.819;614.036;613.896;6.5163;0.312823;0.121669
1.56743;1.47E+07;613.818;614.04;613.895;6.5208;0.312551;0.121941
1.56908;1.47E+07;613.817;614.043;613.895;6.52528;0.312282;0.12221
1.57074;1.47E+07;613.816;614.046;613.895;6.52975;0.312013;0.122479
1.57239;1.47E+07;613.815;614.049;613.894;6.53422;0.311744;0.122748
1.57405;1.47E+07;613.815;614.052;613.894;6.5387;0.311475;0.123017
1.5757;1.47E+07;613.814;614.055;613.894;6.54317;0.311205;0.123287
1.57736;1.47E+07;613.813;614.059;613.893;6.54765;0.310936;0.123556
1.57901;1.47E+07;613.812;614.062;613.893;6.55212;0.310667;0.123825
1.58067;1.47E+07;613.811;614.065;613.893;6.55659;0.310398;0.124094
1.58232;1.47E+07;613.811;614.068;613.892;6.56107;0.310129;0.124363
1.58398;1.47E+07;613.81;614.071;613.892;6.56554;0.309859;0.124633
1.58563;1.47E+07;613.809;614.075;613.892;6.57001;0.30959;0.124902
1.58729;1.47E+07;613.808;614.078;613.891;6.57449;0.309321;0.125171
1.58894;1.47E+07;613.807;614.081;613.891;6.57894;0.309054;0.125438
1.5906;1.47E+07;613.806;614.084;613.891;6.58332;0.308793;0.125699
1.59225;1.47E+07;613.806;614.087;613.89;6.58771;0.308532;0.12596
1.59391;1.47E+07;613.805;614.09;613.89;6.5921;0.308271;0.126221
1.59556;1.47E+07;613.804;614.093;613.89;6.59648;0.30801;0.126482
1.59722;1.47E+07;613.803;614.096;613.889;6.60087;0.307749;0.126743
1.59887;1.47E+07;613.802;614.099;613.889;6.60526;0.307489;0.127003
1.60053;1.47E+07;613.802;614.102;613.889;6.60964;0.307228;0.127264
1.60218;1.47E+07;613.801;614.106;613.888;6.61403;0.306967;0.127525
1.60384;1.47E+07;613.8;614.109;613.888;6.61842;0.306706;0.127786
1.60549;1.47E+07;613.799;614.112;613.888;6.6228;0.306445;0.128047
1.60715;1.47E+07;613.798;614.115;613.887;6.62719;0.306184;0.128308
1.6088;1.47E+07;613.797;614.118;613.887;6.63157;0.305923;0.128569
1.61046;1.47E+07;613.797;614.121;613.887;6.63596;0.305662;0.12883
1.61212;1.47E+07;613.796;614.124;613.886;6.6402;0.305414;0.129078
1.61377;1.47E+07;613.795;614.127;613.886;6.64442;0.305169;0.129323
1.61543;1.47E+07;613.794;614.13;613.885;6.64864;0.304924;0.129568
1.61708;1.47E+07;613.793;614.133;613.885;6.65286;0.304679;0.129813
1.61874;1.47E+07;613.793;614.136;613.885;6.65708;0.304433;0.130059
1.62039;1.47E+07;613.792;614.139;613.884;6.6613;0.304188;0.130304
1.62205;1.47E+07;613.791;614.142;613.884;6.66552;0.303943;0.130549
1.6237;1.47E+07;613.79;614.145;613.884;6.66974;0.303698;0.130794
1.62536;1.47E+07;613.789;614.148;613.883;6.67395;0.303453;0.13104
1.62701;1.47E+07;613.788;614.151;613.883;6.67817;0.303207;0.131285
1.62867;1.47E+07;613.788;614.154;613.882;6.68239;0.302962;0.13153
1.63032;1.47E+07;613.787;614.157;613.882;6.68661;0.302717;0.131775
1.63198;1.47E+07;613.786;614.16;613.882;6.69083;0.302472;0.13202
1.63363;1.47E+07;613.785;614.163;613.881;6.69413;0.302281;0.132211
1.63529;1.47E+07;613.785;614.164;613.881;6.69617;0.302164;0.132328
1.63694;1.47E+07;613.785;614.166;613.881;6.69822;0.302048;0.132444
1.6386;1.47E+07;613.784;614.167;613.881;6.70027;0.301931;0.132561
1.64025;1.47E+07;613.784;614.169;613.881;6.70231;0.301814;0.132678
1.64191;1.47E+07;613.783;614.17;613.88;6.70436;0.301698;0.132794
1.64356;1.47E+07;613.783;614.172;613.88;6.7064;0.301581;0.132911
1.64522;1.47E+07;613.782;614.173;613.88;6.70845;0.301465;0.133027
1.64687;1.47E+07;613.782;614.175;613.88;6.71049;0.301348;0.133144
1.64853;1.47E+07;613.782;614.176;613.88;6.71254;0.301231;0.133261
1.65018;1.47E+07;613.781;614.178;613.88;6.71458;0.301115;0.133377
1.65184;1.47E+07;613.781;614.179;613.879;6.71663;0.300998;0.133494
1.65349;1.47E+07;613.78;614.181;613.879;6.71867;0.300882;0.13361
1.65515;1.47E+07;613.78;614.182;613.879;6.72072;0.300765;0.133727
