alpha.liquid,alpha.vapour,heatFlux.structure,p,T.interface,T.liquid,T.vapour,U.liquid_Magnitude
0.300765,0.133727,1.50401e+06,1.47205e+07,613.78,614.182,613.879,6.72072
0.300882,0.13361,1.50401e+06,1.47206e+07,613.78,614.181,613.879,6.71867
0.300998,0.133494,1.50401e+06,1.47207e+07,613.781,614.179,613.879,6.71663
0.301115,0.133377,1.50401e+06,1.47208e+07,613.781,614.178,613.88,6.71458
0.301231,0.133261,1.50401e+06,1.4721e+07,613.782,614.176,613.88,6.71254
0.301348,0.133144,1.50401e+06,1.47211e+07,613.782,614.175,613.88,6.71049
0.301465,0.133027,1.50401e+06,1.47212e+07,613.782,614.173,613.88,6.70845
0.301581,0.132911,1.50401e+06,1.47213e+07,613.783,614.172,613.88,6.7064
0.301698,0.132794,1.50401e+06,1.47214e+07,613.783,614.17,613.88,6.70436
0.301814,0.132678,1.50401e+06,1.47215e+07,613.784,614.169,613.881,6.70231
0.301931,0.132561,1.50401e+06,1.47216e+07,613.784,614.167,613.881,6.70027
0.302048,0.132444,1.50401e+06,1.47217e+07,613.785,614.166,613.881,6.69822
0.302164,0.132328,1.50401e+06,1.47218e+07,613.785,614.164,613.881,6.69617
0.302281,0.132211,1.50401e+06,1.47219e+07,613.785,614.163,613.881,6.69413
0.302472,0.13202,1.504e+06,1.4722e+07,613.786,614.16,613.882,6.69083
0.302717,0.131775,1.504e+06,1.47222e+07,613.787,614.157,613.882,6.68661
0.302962,0.13153,1.504e+06,1.47224e+07,613.788,614.154,613.882,6.68239
0.303207,0.131285,1.504e+06,1.47225e+07,613.788,614.151,613.883,6.67817
0.303453,0.13104,1.504e+06,1.47227e+07,613.789,614.148,613.883,6.67395
0.303698,0.130794,1.504e+06,1.47228e+07,613.79,614.145,613.884,6.66974
0.303943,0.130549,1.504e+06,1.4723e+07,613.791,614.142,613.884,6.66552
0.304188,0.130304,1.504e+06,1.47231e+07,613.792,614.139,613.884,6.6613
0.304433,0.130059,1.504e+06,1.47233e+07,613.793,614.136,613.885,6.65708
0.304679,0.129813,1.504e+06,1.47234e+07,613.793,614.133,613.885,6.65286
0.304924,0.129568,1.504e+06,1.47236e+07,613.794,614.13,613.885,6.64864
0.305169,0.129323,1.504e+06,1.47238e+07,613.795,614.127,613.886,6.64442
0.305414,0.129078,1.504e+06,1.47239e+07,613.796,614.124,613.886,6.6402
0.305662,0.12883,1.504e+06,1.47241e+07,613.797,614.121,613.887,6.63596
0.305923,0.128569,1.50399e+06,1.47242e+07,613.797,614.118,613.887,6.63157
0.306184,0.128308,1.50399e+06,1.47244e+07,613.798,614.115,613.887,6.62719
0.306445,0.128047,1.50399e+06,1.47245e+07,613.799,614.112,613.888,6.6228
0.306706,0.127786,1.50399e+06,1.47247e+07,613.8,614.109,613.888,6.61842
0.306967,0.127525,1.50399e+06,1.47248e+07,613.801,614.106,613.888,6.61403
0.307228,0.127264,1.50399e+06,1.4725e+07,613.802,614.102,613.889,6.60964
0.307489,0.127003,1.50399e+06,1.47251e+07,613.802,614.099,613.889,6.60526
0.307749,0.126743,1.50399e+06,1.47253e+07,613.803,614.096,613.889,6.60087
0.30801,0.126482,1.50399e+06,1.47254e+07,613.804,614.093,613.89,6.59648
0.308271,0.126221,1.50399e+06,1.47256e+07,613.805,614.09,613.89,6.5921
0.308532,0.12596,1.50399e+06,1.47258e+07,613.806,614.087,613.89,6.58771
0.308793,0.125699,1.50399e+06,1.47259e+07,613.806,614.084,613.891,6.58332
0.309054,0.125438,1.50399e+06,1.47261e+07,613.807,614.081,613.891,6.57894
0.309321,0.125171,1.50399e+06,1.47262e+07,613.808,614.078,613.891,6.57449
0.30959,0.124902,1.50399e+06,1.47264e+07,613.809,614.075,613.892,6.57001
0.309859,0.124633,1.50399e+06,1.47265e+07,613.81,614.071,613.892,6.56554
0.310129,0.124363,1.50399e+06,1.47266e+07,613.811,614.068,613.892,6.56107
0.310398,0.124094,1.50399e+06,1.47268e+07,613.811,614.065,613.893,6.55659
0.310667,0.123825,1.50399e+06,1.47269e+07,613.812,614.062,613.893,6.55212
0.310936,0.123556,1.50399e+06,1.47271e+07,613.813,614.059,613.893,6.54765
0.311205,0.123287,1.50399e+06,1.47272e+07,613.814,614.055,613.894,6.54317
0.311475,0.123017,1.50399e+06,1.47274e+07,613.815,614.052,613.894,6.5387
0.311744,0.122748,1.50399e+06,1.47275e+07,613.815,614.049,613.894,6.53422
0.312013,0.122479,1.50399e+06,1.47277e+07,613.816,614.046,613.895,6.52975
0.312282,0.12221,1.50399e+06,1.47278e+07,613.817,614.043,613.895,6.52528
0.312551,0.121941,1.50399e+06,1.4728e+07,613.818,614.04,613.895,6.5208
0.312823,0.121669,1.50398e+06,1.47281e+07,613.819,614.036,613.896,6.5163
0.313102,0.12139,1.50398e+06,1.47282e+07,613.82,614.033,613.896,6.51173
0.31338,0.121112,1.50398e+06,1.47284e+07,613.82,614.03,613.896,6.50716
0.313659,0.120833,1.50398e+06,1.47285e+07,613.821,614.027,613.897,6.50259
0.313937,0.120555,1.50398e+06,1.47287e+07,613.822,614.024,613.897,6.49802
0.314216,0.120276,1.50398e+06,1.47288e+07,613.823,614.02,613.897,6.49344
0.314494,0.119998,1.50398e+06,1.47289e+07,613.823,614.017,613.898,6.48887
0.314773,0.119719,1.50398e+06,1.47291e+07,613.824,614.014,613.898,6.4843
0.315051,0.119441,1.50398e+06,1.47292e+07,613.825,614.011,613.899,6.47973
0.31533,0.119162,1.50398e+06,1.47294e+07,613.826,614.008,613.899,6.47516
0.315608,0.118884,1.50398e+06,1.47295e+07,613.827,614.004,613.899,6.47059
0.315887,0.118605,1.50398e+06,1.47297e+07,613.827,614.001,613.9,6.46602
0.316165,0.118327,1.50398e+06,1.47298e+07,613.828,613.998,613.9,6.46145
0.316444,0.118048,1.50398e+06,1.47299e+07,613.829,613.995,613.9,6.45688
0.316731,0.117761,1.50397e+06,1.47301e+07,613.83,613.992,613.901,6.45222
0.317019,0.117473,1.50397e+06,1.47302e+07,613.83,613.988,613.901,6.44755
0.317308,0.117184,1.50397e+06,1.47303e+07,613.831,613.985,613.901,6.44288
0.317596,0.116896,1.50397e+06,1.47305e+07,613.832,613.982,613.902,6.43821
0.317885,0.116607,1.50397e+06,1.47306e+07,613.833,613.979,613.902,6.43354
0.318173,0.116319,1.50397e+06,1.47308e+07,613.833,613.975,613.902,6.42887
0.318461,0.116031,1.50397e+06,1.47309e+07,613.834,613.972,613.903,6.42419
0.31875,0.115742,1.50397e+06,1.4731e+07,613.835,613.969,613.903,6.41952
0.319038,0.115454,1.50397e+06,1.47312e+07,613.836,613.966,613.904,6.41485
0.319326,0.115166,1.50397e+06,1.47313e+07,613.836,613.963,613.904,6.41018
0.319615,0.114877,1.50397e+06,1.47315e+07,613.837,613.959,613.904,6.40551
0.319903,0.114589,1.50397e+06,1.47316e+07,613.838,613.956,613.905,6.40084
0.320192,0.1143,1.50397e+06,1.47317e+07,613.839,613.953,613.905,6.39617
0.320485,0.114007,1.50396e+06,1.47319e+07,613.839,613.95,613.905,6.39145
0.320784,0.113708,1.50396e+06,1.4732e+07,613.84,613.946,613.905,6.38667
0.321083,0.113409,1.50396e+06,1.47321e+07,613.841,613.943,613.906,6.3819
0.321382,0.11311,1.50396e+06,1.47323e+07,613.841,613.94,613.906,6.37712
0.321681,0.112811,1.50396e+06,1.47324e+07,613.842,613.936,613.906,6.37235
0.32198,0.112512,1.50396e+06,1.47325e+07,613.843,613.933,613.907,6.36757
0.322279,0.112213,1.50396e+06,1.47327e+07,613.844,613.93,613.907,6.36279
0.322578,0.111914,1.50396e+06,1.47328e+07,613.844,613.927,613.907,6.35802
0.322877,0.111615,1.50396e+06,1.47329e+07,613.845,613.923,613.908,6.35324
0.323176,0.111316,1.50396e+06,1.47331e+07,613.846,613.92,613.908,6.34847
0.323475,0.111017,1.50396e+06,1.47332e+07,613.846,613.917,613.908,6.34369
0.323774,0.110718,1.50396e+06,1.47333e+07,613.847,613.913,613.908,6.33891
0.324073,0.110419,1.50396e+06,1.47335e+07,613.848,613.91,613.909,6.33414
0.324372,0.11012,1.50396e+06,1.47336e+07,613.849,613.907,613.909,6.32936
0.324682,0.10981,1.50395e+06,1.47337e+07,613.849,613.904,613.909,6.32448
0.324993,0.109499,1.50395e+06,1.47339e+07,613.85,613.9,613.91,6.31959
0.325303,0.109189,1.50395e+06,1.4734e+07,613.851,613.897,613.91,6.31471
0.325613,0.108879,1.50395e+06,1.47341e+07,613.851,613.894,613.91,6.30983
0.325924,0.108568,1.50395e+06,1.47343e+07,613.852,613.89,613.911,6.30494
0.326234,0.108258,1.50395e+06,1.47344e+07,613.853,613.887,613.911,6.30006
0.326544,0.107947,1.50395e+06,1.47345e+07,613.853,613.884,613.911,6.29518
0.326855,0.107637,1.50395e+06,1.47346e+07,613.854,613.88,613.912,6.29029
0.327165,0.107327,1.50395e+06,1.47348e+07,613.855,613.877,613.912,6.28541
0.327475,0.107017,1.50395e+06,1.47349e+07,613.855,613.874,613.912,6.28053
0.327786,0.106706,1.50395e+06,1.4735e+07,613.856,613.87,613.913,6.27564
0.328096,0.106396,1.50395e+06,1.47352e+07,613.857,613.867,613.913,6.27076
0.328407,0.106085,1.50395e+06,1.47353e+07,613.857,613.864,613.913,6.26588
0.328724,0.105768,1.50394e+06,1.47354e+07,613.858,613.86,613.914,6.26093
0.329046,0.105446,1.50394e+06,1.47355e+07,613.859,613.857,613.914,6.25595
0.329368,0.105124,1.50394e+06,1.47357e+07,613.859,613.853,613.914,6.25097
0.32969,0.104802,1.50394e+06,1.47358e+07,613.86,613.85,613.915,6.24599
0.330012,0.10448,1.50394e+06,1.47359e+07,613.861,613.847,613.915,6.24101
0.330334,0.104158,1.50394e+06,1.4736e+07,613.861,613.843,613.915,6.23603
0.330656,0.103836,1.50394e+06,1.47362e+07,613.862,613.84,613.916,6.23105
0.330978,0.103514,1.50394e+06,1.47363e+07,613.863,613.836,613.916,6.22607
0.3313,0.103193,1.50394e+06,1.47364e+07,613.863,613.833,613.916,6.22109
0.331622,0.102871,1.50394e+06,1.47365e+07,613.864,613.829,613.917,6.21611
0.331944,0.102549,1.50394e+06,1.47367e+07,613.865,613.826,613.917,6.21113
0.332266,0.102227,1.50394e+06,1.47368e+07,613.865,613.822,613.917,6.20615
0.332588,0.101905,1.50394e+06,1.47369e+07,613.866,613.819,613.918,6.20117
0.332912,0.101581,1.50393e+06,1.4737e+07,613.867,613.815,613.918,6.19618
0.333244,0.101249,1.50393e+06,1.47371e+07,613.867,613.812,613.918,6.19112
0.333576,0.100916,1.50393e+06,1.47373e+07,613.868,613.808,613.919,6.18607
0.333908,0.100584,1.50393e+06,1.47374e+07,613.868,613.804,613.919,6.18101
0.33424,0.100252,1.50393e+06,1.47375e+07,613.869,613.8,613.919,6.17596
0.334573,0.0999199,1.50393e+06,1.47376e+07,613.87,613.796,613.92,6.17091
0.334905,0.0995877,1.50393e+06,1.47377e+07,613.87,613.793,613.92,6.16585
0.335237,0.0992556,1.50393e+06,1.47379e+07,613.871,613.789,613.92,6.1608
0.335569,0.0989234,1.50393e+06,1.4738e+07,613.872,613.785,613.92,6.15574
0.335901,0.0985912,1.50393e+06,1.47381e+07,613.872,613.781,613.921,6.15069
0.336234,0.098259,1.50393e+06,1.47382e+07,613.873,613.778,613.921,6.14563
0.336566,0.0979268,1.50393e+06,1.47383e+07,613.874,613.774,613.921,6.14058
0.336898,0.0975946,1.50393e+06,1.47385e+07,613.874,613.77,613.922,6.13552
0.33723,0.0972624,1.50393e+06,1.47386e+07,613.875,613.766,613.922,6.13047
0.337569,0.0969234,1.50392e+06,1.47387e+07,613.875,613.762,613.922,6.12537
0.33791,0.0965824,1.50392e+06,1.47388e+07,613.876,613.758,613.923,6.12026
0.338251,0.0962413,1.50392e+06,1.47389e+07,613.877,613.754,613.923,6.11515
0.338592,0.0959003,1.50392e+06,1.4739e+07,613.877,613.75,613.923,6.11004
0.338933,0.0955593,1.50392e+06,1.47391e+07,613.878,613.746,613.923,6.10493
0.339274,0.0952182,1.50392e+06,1.47392e+07,613.879,613.741,613.924,6.09982
0.339615,0.0948772,1.50392e+06,1.47394e+07,613.879,613.737,613.924,6.09471
0.339956,0.0945362,1.50392e+06,1.47395e+07,613.88,613.733,613.924,6.0896
0.340297,0.0941951,1.50392e+06,1.47396e+07,613.881,613.729,613.925,6.08449
0.340638,0.0938541,1.50392e+06,1.47397e+07,613.881,613.725,613.925,6.07938
0.340979,0.0935131,1.50392e+06,1.47398e+07,613.882,613.721,613.925,6.07427
0.34132,0.0931721,1.50392e+06,1.47399e+07,613.883,613.716,613.926,6.06916
0.341661,0.092831,1.50392e+06,1.474e+07,613.883,613.712,613.926,6.06405
0.342005,0.0924871,1.50391e+06,1.47401e+07,613.884,613.708,613.926,6.05893
0.342354,0.0921378,1.50391e+06,1.47402e+07,613.884,613.703,613.926,6.05377
0.342704,0.0917885,1.50391e+06,1.47404e+07,613.885,613.699,613.927,6.04862
0.343053,0.0914392,1.50391e+06,1.47405e+07,613.885,613.694,613.927,6.04347
0.343402,0.09109,1.50391e+06,1.47406e+07,613.886,613.689,613.927,6.03832
0.343751,0.0907407,1.50391e+06,1.47407e+07,613.887,613.685,613.928,6.03317
0.344101,0.0903914,1.50391e+06,1.47408e+07,613.887,613.68,613.928,6.02802
0.34445,0.0900421,1.50391e+06,1.47409e+07,613.888,613.675,613.928,6.02286
0.344799,0.0896928,1.50391e+06,1.4741e+07,613.888,613.671,613.928,6.01771
0.345148,0.0893435,1.50391e+06,1.47411e+07,613.889,613.666,613.929,6.01256
0.345498,0.0889943,1.50391e+06,1.47412e+07,613.89,613.662,613.929,6.00741
0.345847,0.088645,1.50391e+06,1.47413e+07,613.89,613.657,613.929,6.00226
0.346196,0.0882957,1.50391e+06,1.47414e+07,613.891,613.652,613.93,5.9971
0.346545,0.0879464,1.5039e+06,1.47415e+07,613.891,613.648,613.93,5.99195
0.346902,0.0875903,1.5039e+06,1.47416e+07,613.892,613.643,613.93,5.98678
0.347258,0.0872337,1.5039e+06,1.47418e+07,613.893,613.638,613.93,5.98161
0.347615,0.0868771,1.5039e+06,1.47419e+07,613.893,613.632,613.931,5.97643
0.347971,0.0865205,1.5039e+06,1.4742e+07,613.894,613.627,613.931,5.97126
0.348328,0.0861639,1.5039e+06,1.47421e+07,613.894,613.622,613.931,5.96608
0.348685,0.0858073,1.5039e+06,1.47422e+07,613.895,613.617,613.932,5.96091
0.349041,0.0854506,1.5039e+06,1.47423e+07,613.895,613.612,613.932,5.95574
0.349398,0.085094,1.5039e+06,1.47424e+07,613.896,613.607,613.932,5.95056
0.349755,0.0847374,1.5039e+06,1.47425e+07,613.896,613.602,613.932,5.94539
0.350111,0.0843808,1.50389e+06,1.47426e+07,613.897,613.596,613.933,5.94022
0.350468,0.0840242,1.50389e+06,1.47427e+07,613.898,613.591,613.933,5.93504
0.350825,0.0836676,1.50389e+06,1.47428e+07,613.898,613.586,613.933,5.92987
0.351181,0.083311,1.50389e+06,1.47429e+07,613.899,613.581,613.933,5.9247
0.351541,0.0829517,1.50389e+06,1.4743e+07,613.899,613.576,613.934,5.91953
0.351903,0.0825897,1.50389e+06,1.47431e+07,613.9,613.57,613.934,5.91439
0.352264,0.0822278,1.50389e+06,1.47432e+07,613.9,613.564,613.934,5.90924
0.352626,0.0818658,1.50389e+06,1.47433e+07,613.901,613.558,613.934,5.90409
0.352988,0.0815039,1.50388e+06,1.47434e+07,613.902,613.552,613.935,5.89894
0.35335,0.0811419,1.50388e+06,1.47435e+07,613.902,613.546,613.935,5.89379
0.353712,0.08078,1.50388e+06,1.47436e+07,613.903,613.54,613.935,5.88865
0.354074,0.080418,1.50388e+06,1.47437e+07,613.903,613.534,613.935,5.8835
0.354436,0.080056,1.50388e+06,1.47438e+07,613.904,613.528,613.936,5.87835
0.354798,0.0796941,1.50388e+06,1.47439e+07,613.904,613.523,613.936,5.8732
0.35516,0.0793321,1.50388e+06,1.4744e+07,613.905,613.517,613.936,5.86805
0.355522,0.0789702,1.50388e+06,1.47441e+07,613.905,613.511,613.937,5.86291
0.355884,0.0786082,1.50388e+06,1.47442e+07,613.906,613.505,613.937,5.85776
0.356246,0.0782463,1.50387e+06,1.47443e+07,613.907,613.499,613.937,5.85262
0.356608,0.0778848,1.50387e+06,1.47444e+07,613.907,613.492,613.937,5.84755
0.356969,0.0775233,1.50387e+06,1.47445e+07,613.907,613.485,613.938,5.84248
0.357331,0.0771618,1.50387e+06,1.47445e+07,613.908,613.478,613.938,5.83741
0.357692,0.0768003,1.50387e+06,1.47446e+07,613.908,613.471,613.938,5.83234
0.358053,0.0764388,1.50387e+06,1.47447e+07,613.909,613.464,613.939,5.82727
0.358415,0.0760773,1.50387e+06,1.47448e+07,613.909,613.457,613.939,5.8222
0.358776,0.0757159,1.50387e+06,1.47449e+07,613.91,613.45,613.939,5.81713
0.359138,0.0753543,1.50387e+06,1.4745e+07,613.91,613.443,613.939,5.81206
0.359499,0.0749928,1.50386e+06,1.47451e+07,613.911,613.437,613.94,5.80699
0.359861,0.0746313,1.50386e+06,1.47452e+07,613.911,613.43,613.94,5.80193
0.360222,0.0742699,1.50386e+06,1.47453e+07,613.912,613.423,613.94,5.79686
0.360584,0.0739084,1.50386e+06,1.47454e+07,613.912,613.416,613.941,5.79179
0.360945,0.0735469,1.50386e+06,1.47455e+07,613.913,613.409,613.941,5.78672
0.361305,0.0731872,1.50386e+06,1.47456e+07,613.913,613.401,613.941,5.7817
0.361664,0.0728285,1.50386e+06,1.47457e+07,613.914,613.393,613.942,5.77672
0.362022,0.0724699,1.50386e+06,1.47458e+07,613.914,613.385,613.942,5.77173
0.362381,0.0721112,1.50386e+06,1.47459e+07,613.915,613.377,613.942,5.76674
0.36274,0.0717525,1.50385e+06,1.4746e+07,613.915,613.37,613.942,5.76176
0.363098,0.0713938,1.50385e+06,1.47461e+07,613.916,613.362,613.943,5.75677
0.363457,0.0710352,1.50385e+06,1.47461e+07,613.916,613.354,613.943,5.75179
0.363816,0.0706765,1.50385e+06,1.47462e+07,613.916,613.346,613.943,5.7468
0.364174,0.0703178,1.50385e+06,1.47463e+07,613.917,613.338,613.944,5.74181
0.364533,0.0699591,1.50385e+06,1.47464e+07,613.917,613.33,613.944,5.73683
0.364892,0.0696004,1.50385e+06,1.47465e+07,613.918,613.322,613.944,5.73184
0.365251,0.0692417,1.50385e+06,1.47466e+07,613.918,613.314,613.944,5.72685
0.365609,0.0688831,1.50385e+06,1.47467e+07,613.919,613.306,613.945,5.72187
0.365968,0.0685245,1.50384e+06,1.47468e+07,613.919,613.298,613.945,5.7169
0.366326,0.0681661,1.50384e+06,1.47469e+07,613.92,613.289,613.945,5.71198
0.366684,0.0678078,1.50384e+06,1.47469e+07,613.92,613.28,613.946,5.70706
0.367043,0.0674495,1.50384e+06,1.4747e+07,613.92,613.272,613.946,5.70214
0.367401,0.0670912,1.50384e+06,1.47471e+07,613.921,613.263,613.946,5.69723
0.367759,0.0667329,1.50384e+06,1.47472e+07,613.921,613.254,613.946,5.69231
0.368118,0.0663746,1.50384e+06,1.47473e+07,613.922,613.245,613.947,5.68739
0.368476,0.0660162,1.50384e+06,1.47473e+07,613.922,613.236,613.947,5.68248
0.368834,0.0656579,1.50384e+06,1.47474e+07,613.923,613.228,613.947,5.67756
0.369193,0.0652996,1.50383e+06,1.47475e+07,613.923,613.219,613.947,5.67264
0.369551,0.0649413,1.50383e+06,1.47476e+07,613.924,613.21,613.948,5.66772
0.369909,0.064583,1.50383e+06,1.47477e+07,613.924,613.201,613.948,5.66281
0.370268,0.0642246,1.50383e+06,1.47478e+07,613.924,613.192,613.948,5.65789
0.370626,0.0638663,1.50383e+06,1.47478e+07,613.925,613.184,613.948,5.65297
0.370984,0.0635086,1.50383e+06,1.47479e+07,613.925,613.174,613.949,5.64812
0.371341,0.063151,1.50383e+06,1.4748e+07,613.926,613.164,613.949,5.64327
0.371699,0.0627934,1.50383e+06,1.47481e+07,613.926,613.155,613.949,5.63843
0.372056,0.0624358,1.50382e+06,1.47482e+07,613.927,613.145,613.949,5.63359
0.372414,0.0620782,1.50382e+06,1.47482e+07,613.927,613.135,613.95,5.62875
0.372772,0.0617206,1.50382e+06,1.47483e+07,613.928,613.126,613.95,5.62391
0.373129,0.061363,1.50382e+06,1.47484e+07,613.928,613.116,613.95,5.61907
0.373487,0.0610054,1.50382e+06,1.47485e+07,613.929,613.106,613.95,5.61423
0.373845,0.0606478,1.50382e+06,1.47486e+07,613.929,613.097,613.951,5.60939
0.374202,0.0602902,1.50382e+06,1.47487e+07,613.929,613.087,613.951,5.60454
0.37456,0.0599326,1.50381e+06,1.47487e+07,613.93,613.077,613.951,5.5997
0.374917,0.059575,1.50381e+06,1.47488e+07,613.93,613.068,613.951,5.59486
0.375275,0.0592174,1.50381e+06,1.47489e+07,613.931,613.058,613.951,5.59002
0.375632,0.0588606,1.50381e+06,1.4749e+07,613.931,613.048,613.952,5.58522
0.375987,0.0585051,1.50381e+06,1.47491e+07,613.932,613.037,613.952,5.58047
0.376343,0.0581495,1.50381e+06,1.47491e+07,613.932,613.027,613.952,5.57572
0.376698,0.057794,1.5038e+06,1.47492e+07,613.932,613.016,613.952,5.57097
0.377054,0.0574384,1.5038e+06,1.47493e+07,613.933,613.005,613.953,5.56622
0.37741,0.0570829,1.5038e+06,1.47494e+07,613.933,612.995,613.953,5.56147
0.377765,0.0567273,1.5038e+06,1.47494e+07,613.934,612.984,613.953,5.55672
0.378121,0.0563718,1.5038e+06,1.47495e+07,613.934,612.974,613.953,5.55196
0.378476,0.0560163,1.50379e+06,1.47496e+07,613.934,612.963,613.954,5.54721
0.378832,0.0556607,1.50379e+06,1.47496e+07,613.935,612.953,613.954,5.54246
0.379187,0.0553052,1.50379e+06,1.47497e+07,613.935,612.942,613.954,5.53771
0.379543,0.0549496,1.50379e+06,1.47498e+07,613.936,612.931,613.954,5.53296
0.379898,0.0545941,1.50379e+06,1.47499e+07,613.936,612.921,613.955,5.52821
0.380254,0.0542385,1.50378e+06,1.47499e+07,613.937,612.91,613.955,5.52346
0.380606,0.0538863,1.50378e+06,1.475e+07,613.937,612.899,613.955,5.51881
0.380958,0.0535342,1.50378e+06,1.47501e+07,613.937,612.887,613.956,5.51417
0.38131,0.0531821,1.50378e+06,1.47502e+07,613.938,612.876,613.956,5.50952
0.381662,0.05283,1.50378e+06,1.47502e+07,613.938,612.864,613.956,5.50488
0.382015,0.0524778,1.50378e+06,1.47503e+07,613.938,612.853,613.956,5.50023
0.382367,0.0521257,1.50377e+06,1.47504e+07,613.939,612.841,613.957,5.49559
0.382719,0.0517736,1.50377e+06,1.47504e+07,613.939,612.83,613.957,5.49094
0.383071,0.0514215,1.50377e+06,1.47505e+07,613.94,612.818,613.957,5.4863
0.383423,0.0510694,1.50377e+06,1.47506e+07,613.94,612.807,613.957,5.48165
0.383775,0.0507172,1.50377e+06,1.47507e+07,613.94,612.795,613.958,5.477
0.384127,0.0503651,1.50376e+06,1.47507e+07,613.941,612.784,613.958,5.47236
0.384479,0.050013,1.50376e+06,1.47508e+07,613.941,612.772,613.958,5.46771
0.384831,0.0496609,1.50376e+06,1.47509e+07,613.941,612.761,613.958,5.46307
0.385181,0.0493115,1.50376e+06,1.47509e+07,613.942,612.749,613.959,5.45849
0.385528,0.0489642,1.50376e+06,1.4751e+07,613.942,612.736,613.959,5.45396
0.385875,0.048617,1.50376e+06,1.47511e+07,613.942,612.724,613.959,5.44943
0.386222,0.0482697,1.50375e+06,1.47511e+07,613.943,612.711,613.959,5.4449
0.38657,0.0479225,1.50375e+06,1.47512e+07,613.943,612.699,613.959,5.44037
0.386917,0.0475753,1.50375e+06,1.47513e+07,613.944,612.686,613.96,5.43585
0.387264,0.047228,1.50375e+06,1.47513e+07,613.944,612.674,613.96,5.43132
0.387611,0.0468808,1.50375e+06,1.47514e+07,613.944,612.662,613.96,5.42679
0.387958,0.0465335,1.50374e+06,1.47515e+07,613.945,612.649,613.96,5.42226
0.388306,0.0461863,1.50374e+06,1.47515e+07,613.945,612.637,613.96,5.41773
0.388653,0.045839,1.50374e+06,1.47516e+07,613.945,612.624,613.96,5.4132
0.389,0.0454918,1.50374e+06,1.47517e+07,613.946,612.612,613.961,5.40868
0.389347,0.0451446,1.50374e+06,1.47517e+07,613.946,612.599,613.961,5.40415
0.389694,0.0447981,1.50373e+06,1.47518e+07,613.947,612.587,613.961,5.39964
0.390035,0.0444572,1.50373e+06,1.47519e+07,613.947,612.573,613.961,5.39524
0.390376,0.0441163,1.50373e+06,1.47519e+07,613.947,612.56,613.961,5.39084
0.390717,0.0437754,1.50373e+06,1.4752e+07,613.948,612.547,613.962,5.38644
0.391057,0.0434345,1.50373e+06,1.47521e+07,613.948,612.533,613.962,5.38204
0.391398,0.0430936,1.50373e+06,1.47521e+07,613.948,612.52,613.962,5.37765
0.391739,0.0427527,1.50372e+06,1.47522e+07,613.949,612.506,613.962,5.37325
0.39208,0.0424118,1.50372e+06,1.47523e+07,613.949,612.493,613.962,5.36885
0.392421,0.0420709,1.50372e+06,1.47523e+07,613.95,612.479,613.963,5.36445
0.392762,0.04173,1.50372e+06,1.47524e+07,613.95,612.466,613.963,5.36005
0.393103,0.0413891,1.50372e+06,1.47524e+07,613.95,612.453,613.963,5.35565
0.393444,0.0410482,1.50371e+06,1.47525e+07,613.951,612.439,613.963,5.35126
0.393785,0.0407073,1.50371e+06,1.47526e+07,613.951,612.426,613.963,5.34686
0.394126,0.0403664,1.50371e+06,1.47526e+07,613.951,612.412,613.963,5.34246
0.394461,0.0400311,1.50371e+06,1.47527e+07,613.952,612.398,613.964,5.33816
0.394794,0.039698,1.50371e+06,1.47528e+07,613.952,612.384,613.964,5.3339
0.395127,0.0393649,1.5037e+06,1.47528e+07,613.952,612.37,613.964,5.32964
0.39546,0.0390319,1.5037e+06,1.47529e+07,613.953,612.355,613.964,5.32539
0.395793,0.0386988,1.5037e+06,1.47529e+07,613.953,612.341,613.964,5.32113
0.396126,0.0383658,1.5037e+06,1.4753e+07,613.953,612.326,613.965,5.31687
0.396459,0.0380327,1.5037e+06,1.4753e+07,613.954,612.312,613.965,5.31261
0.396793,0.0376997,1.5037e+06,1.47531e+07,613.954,612.297,613.965,5.30835
0.397126,0.0373666,1.50369e+06,1.47532e+07,613.954,612.283,613.965,5.3041
0.397459,0.0370335,1.50369e+06,1.47532e+07,613.955,612.269,613.965,5.29984
0.397792,0.0367005,1.50369e+06,1.47533e+07,613.955,612.254,613.966,5.29558
0.398125,0.0363674,1.50369e+06,1.47533e+07,613.955,612.24,613.966,5.29132
0.398458,0.0360344,1.50369e+06,1.47534e+07,613.956,612.225,613.966,5.28706
0.398788,0.0357039,1.50368e+06,1.47535e+07,613.956,612.211,613.966,5.28285
0.399112,0.0353799,1.50368e+06,1.47535e+07,613.956,612.195,613.966,5.27874
0.399436,0.0350559,1.50368e+06,1.47536e+07,613.957,612.18,613.966,5.27463
0.39976,0.0347319,1.50368e+06,1.47536e+07,613.957,612.164,613.967,5.27052
0.400084,0.0344079,1.50367e+06,1.47537e+07,613.957,612.149,613.967,5.26641
0.400408,0.0340839,1.50367e+06,1.47537e+07,613.958,612.134,613.967,5.2623
0.400732,0.0337599,1.50367e+06,1.47538e+07,613.958,612.118,613.967,5.25819
0.401056,0.0334359,1.50367e+06,1.47539e+07,613.958,612.103,613.967,5.25409
0.40138,0.0331119,1.50366e+06,1.47539e+07,613.958,612.088,613.968,5.24998
0.401704,0.0327879,1.50366e+06,1.4754e+07,613.959,612.072,613.968,5.24587
0.402028,0.0324639,1.50366e+06,1.4754e+07,613.959,612.057,613.968,5.24176
0.402352,0.0321399,1.50366e+06,1.47541e+07,613.959,612.041,613.968,5.23765
0.402676,0.0318159,1.50365e+06,1.47541e+07,613.96,612.026,613.968,5.23354
0.403,0.0314919,1.50365e+06,1.47542e+07,613.96,612.011,613.969,5.22943
0.403315,0.031177,1.50365e+06,1.47542e+07,613.96,611.994,613.969,5.22545
0.403628,0.0308635,1.50364e+06,1.47543e+07,613.96,611.978,613.969,5.22148
0.403942,0.03055,1.50364e+06,1.47543e+07,613.961,611.961,613.969,5.21751
0.404255,0.0302365,1.50364e+06,1.47544e+07,613.961,611.945,613.969,5.21354
0.404569,0.0299231,1.50364e+06,1.47545e+07,613.961,611.929,613.969,5.20958
0.404882,0.0296096,1.50363e+06,1.47545e+07,613.961,611.912,613.97,5.20561
0.405196,0.0292961,1.50363e+06,1.47546e+07,613.962,611.896,613.97,5.20164
0.405509,0.0289827,1.50363e+06,1.47546e+07,613.962,611.879,613.97,5.19768
0.405823,0.0286692,1.50362e+06,1.47547e+07,613.962,611.863,613.97,5.19371
0.406136,0.0283557,1.50362e+06,1.47547e+07,613.963,611.846,613.97,5.18974
0.40645,0.0280422,1.50362e+06,1.47548e+07,613.963,611.83,613.97,5.18577
0.406763,0.0277288,1.50361e+06,1.47548e+07,613.963,611.814,613.971,5.18181
0.407077,0.0274153,1.50361e+06,1.47549e+07,613.963,611.797,613.971,5.17784
0.407386,0.0271059,1.50361e+06,1.47549e+07,613.964,611.78,613.971,5.17398
0.40769,0.0268018,1.50361e+06,1.4755e+07,613.964,611.763,613.971,5.17025
0.407995,0.0264977,1.5036e+06,1.4755e+07,613.964,611.745,613.971,5.16652
0.408299,0.0261936,1.5036e+06,1.47551e+07,613.964,611.728,613.971,5.1628
0.408603,0.0258895,1.5036e+06,1.47551e+07,613.965,611.71,613.972,5.15907
0.408907,0.0255854,1.50359e+06,1.47551e+07,613.965,611.693,613.972,5.15534
0.409211,0.0252813,1.50359e+06,1.47552e+07,613.965,611.675,613.972,5.15162
0.409515,0.0249772,1.50359e+06,1.47552e+07,613.965,611.658,613.972,5.14789
0.409819,0.0246731,1.50358e+06,1.47553e+07,613.965,611.64,613.972,5.14416
0.410123,0.024369,1.50358e+06,1.47553e+07,613.966,611.623,613.972,5.14044
0.410428,0.0240649,1.50358e+06,1.47554e+07,613.966,611.605,613.973,5.13671
0.410732,0.0237608,1.50358e+06,1.47554e+07,613.966,611.588,613.973,5.13298
0.411036,0.0234567,1.50357e+06,1.47555e+07,613.966,611.57,613.973,5.12926
0.411339,0.023153,1.50357e+06,1.47555e+07,613.967,611.553,613.973,5.12554
0.411615,0.0228773,1.50357e+06,1.47555e+07,613.967,611.534,613.973,5.1222
0.411891,0.0226017,1.50356e+06,1.47556e+07,613.967,611.516,613.973,5.11886
0.412166,0.022326,1.50356e+06,1.47556e+07,613.967,611.497,613.973,5.11552
0.412442,0.0220503,1.50356e+06,1.47557e+07,613.968,611.479,613.974,5.11218
0.412718,0.0217747,1.50356e+06,1.47557e+07,613.968,611.46,613.974,5.10884
0.412993,0.021499,1.50355e+06,1.47558e+07,613.968,611.442,613.974,5.1055
0.413269,0.0212233,1.50355e+06,1.47558e+07,613.968,611.423,613.974,5.10216
0.413545,0.0209477,1.50355e+06,1.47559e+07,613.969,611.405,613.974,5.09882
0.41382,0.020672,1.50354e+06,1.47559e+07,613.969,611.386,613.974,5.09548
0.414096,0.0203963,1.50354e+06,1.47559e+07,613.969,611.368,613.974,5.09215
0.414372,0.0201206,1.50354e+06,1.4756e+07,613.969,611.349,613.975,5.08881
0.414647,0.019845,1.50353e+06,1.4756e+07,613.97,611.331,613.975,5.08547
0.414923,0.0195693,1.50353e+06,1.47561e+07,613.97,611.312,613.975,5.08213
0.415178,0.0193141,1.50353e+06,1.47561e+07,613.97,611.293,613.975,5.07891
0.415419,0.0190732,1.50353e+06,1.47562e+07,613.97,611.273,613.975,5.07578
0.41566,0.0188322,1.50352e+06,1.47562e+07,613.971,611.254,613.975,5.07265
0.415901,0.0185912,1.50352e+06,1.47563e+07,613.971,611.234,613.976,5.06952
0.416142,0.0183502,1.50352e+06,1.47563e+07,613.971,611.215,613.976,5.06638
0.416383,0.0181092,1.50351e+06,1.47564e+07,613.971,611.196,613.976,5.06325
0.416624,0.0178682,1.50351e+06,1.47564e+07,613.971,611.176,613.976,5.06012
0.416865,0.0176272,1.50351e+06,1.47564e+07,613.972,611.157,613.976,5.05699
0.417106,0.0173862,1.5035e+06,1.47565e+07,613.972,611.137,613.976,5.05386
0.417347,0.0171452,1.5035e+06,1.47565e+07,613.972,611.118,613.976,5.05072
0.417588,0.0169042,1.5035e+06,1.47566e+07,613.972,611.098,613.977,5.04759
0.417829,0.0166632,1.5035e+06,1.47566e+07,613.973,611.079,613.977,5.04446
0.41807,0.0164222,1.50349e+06,1.47567e+07,613.973,611.059,613.977,5.04133
0.418311,0.0161811,1.50349e+06,1.47567e+07,613.973,611.04,613.977,5.03819
0.418553,0.0159397,1.50349e+06,1.47567e+07,613.973,611.019,613.977,5.035
0.418794,0.0156982,1.50348e+06,1.47568e+07,613.973,610.999,613.977,5.03181
0.419036,0.0154567,1.50348e+06,1.47568e+07,613.974,610.978,613.978,5.02862
0.419277,0.0152152,1.50348e+06,1.47569e+07,613.974,610.958,613.978,5.02543
0.419519,0.0149737,1.50347e+06,1.47569e+07,613.974,610.938,613.978,5.02225
0.41976,0.0147322,1.50347e+06,1.4757e+07,613.974,610.917,613.978,5.01906
0.420002,0.0144907,1.50347e+06,1.4757e+07,613.974,610.897,613.978,5.01587
0.420243,0.0142493,1.50346e+06,1.4757e+07,613.974,610.877,613.978,5.01268
0.420485,0.0140078,1.50346e+06,1.47571e+07,613.975,610.856,613.978,5.00949
0.420726,0.0137663,1.50346e+06,1.47571e+07,613.975,610.836,613.979,5.00631
0.420968,0.0135248,1.50345e+06,1.47572e+07,613.975,610.815,613.979,5.00312
0.421209,0.0132833,1.50345e+06,1.47572e+07,613.975,610.795,613.979,4.99993
0.421451,0.0130418,1.50345e+06,1.47572e+07,613.975,610.775,613.979,4.99674
0.421697,0.012796,1.50344e+06,1.47573e+07,613.976,610.753,613.979,4.99358
0.421944,0.0125487,1.50344e+06,1.47573e+07,613.976,610.732,613.979,4.99042
0.422191,0.0123014,1.50343e+06,1.47573e+07,613.976,610.71,613.979,4.98726
0.422439,0.0120541,1.50343e+06,1.47574e+07,613.976,610.688,613.979,4.9841
0.422686,0.0118068,1.50343e+06,1.47574e+07,613.977,610.666,613.979,4.98094
0.422933,0.0115595,1.50342e+06,1.47574e+07,613.977,610.645,613.98,4.97778
0.423181,0.0113122,1.50342e+06,1.47575e+07,613.977,610.623,613.98,4.97462
0.423428,0.0110649,1.50342e+06,1.47575e+07,613.977,610.601,613.98,4.97146
0.423675,0.0108176,1.50341e+06,1.47575e+07,613.977,610.58,613.98,4.96831
0.423922,0.0105702,1.50341e+06,1.47576e+07,613.978,610.558,613.98,4.96515
0.42417,0.0103229,1.5034e+06,1.47576e+07,613.978,610.536,613.98,4.96199
0.424417,0.0100756,1.5034e+06,1.47576e+07,613.978,610.514,613.98,4.95883
0.424664,0.00982833,1.5034e+06,1.47577e+07,613.978,610.493,613.98,4.95567
0.424906,0.00958716,1.50339e+06,1.47577e+07,613.979,610.47,613.981,4.95259
0.425134,0.00935882,1.50339e+06,1.47577e+07,613.979,610.447,613.981,4.94967
0.425362,0.00913048,1.50339e+06,1.47578e+07,613.979,610.424,613.981,4.94676
0.425591,0.00890214,1.50338e+06,1.47578e+07,613.979,610.4,613.981,4.94384
0.425819,0.0086738,1.50338e+06,1.47578e+07,613.979,610.377,613.981,4.94092
0.426047,0.00844546,1.50338e+06,1.47579e+07,613.979,610.353,613.981,4.93801
0.426276,0.00821712,1.50337e+06,1.47579e+07,613.98,610.33,613.981,4.93509
0.426504,0.00798877,1.50337e+06,1.47579e+07,613.98,610.306,613.981,4.93217
0.426732,0.00776043,1.50336e+06,1.4758e+07,613.98,610.283,613.981,4.92926
0.426961,0.00753209,1.50336e+06,1.4758e+07,613.98,610.26,613.982,4.92634
0.427189,0.00730374,1.50336e+06,1.4758e+07,613.98,610.236,613.982,4.92342
0.427417,0.00707541,1.50335e+06,1.47581e+07,613.981,610.213,613.982,4.92051
0.427646,0.00684707,1.50335e+06,1.47581e+07,613.981,610.189,613.982,4.91759
0.427874,0.00661873,1.50335e+06,1.47581e+07,613.981,610.166,613.982,4.91467
0.428073,0.00641983,1.50334e+06,1.47582e+07,613.981,610.141,613.982,4.91208
0.428269,0.00622415,1.50334e+06,1.47582e+07,613.981,610.116,613.982,4.90953
0.428464,0.00602847,1.50333e+06,1.47582e+07,613.981,610.091,613.982,4.90698
0.42866,0.00583279,1.50333e+06,1.47583e+07,613.982,610.066,613.982,4.90442
0.428856,0.00563711,1.50332e+06,1.47583e+07,613.982,610.041,613.983,4.90187
0.429051,0.00544143,1.50332e+06,1.47583e+07,613.982,610.016,613.983,4.89932
0.429247,0.00524575,1.50332e+06,1.47584e+07,613.982,609.991,613.983,4.89676
0.429443,0.00505007,1.50331e+06,1.47584e+07,613.982,609.966,613.983,4.89421
0.429638,0.0048544,1.50331e+06,1.47584e+07,613.982,609.941,613.983,4.89166
0.429834,0.00465872,1.5033e+06,1.47585e+07,613.982,609.916,613.983,4.8891
0.43003,0.00446303,1.5033e+06,1.47585e+07,613.983,609.891,613.983,4.88655
0.430225,0.00426736,1.5033e+06,1.47585e+07,613.983,609.866,613.983,4.884
0.430421,0.00407168,1.50329e+06,1.47586e+07,613.983,609.841,613.983,4.88144
0.430597,0.00389564,1.50329e+06,1.47586e+07,613.983,609.816,613.984,4.87911
0.430752,0.00374097,1.50328e+06,1.47586e+07,613.983,609.789,613.984,4.87701
0.430906,0.0035863,1.50328e+06,1.47587e+07,613.983,609.763,613.984,4.87491
0.431061,0.00343163,1.50327e+06,1.47587e+07,613.984,609.736,613.984,4.87281
0.431216,0.00327696,1.50327e+06,1.47587e+07,613.984,609.71,613.984,4.87071
0.43137,0.00312229,1.50327e+06,1.47587e+07,613.984,609.683,613.984,4.86862
0.431525,0.00296762,1.50326e+06,1.47588e+07,613.984,609.657,613.984,4.86652
0.43168,0.00281294,1.50326e+06,1.47588e+07,613.984,609.63,613.984,4.86442
0.431834,0.00265827,1.50325e+06,1.47588e+07,613.984,609.604,613.984,4.86232
0.431989,0.0025036,1.50325e+06,1.47588e+07,613.984,609.577,613.985,4.86022
0.432144,0.00234893,1.50324e+06,1.47589e+07,613.985,609.551,613.985,4.85812
0.432298,0.00219425,1.50324e+06,1.47589e+07,613.985,609.524,613.985,4.85602
0.432453,0.00203958,1.50323e+06,1.47589e+07,613.985,609.498,613.985,4.85392
0.432605,0.00188781,1.50323e+06,1.4759e+07,613.985,609.471,613.985,4.85186
0.432708,0.0017843,1.50323e+06,1.4759e+07,613.985,609.443,613.985,4.85034
0.432812,0.00168079,1.50322e+06,1.4759e+07,613.985,609.415,613.985,4.84882
0.432915,0.00157728,1.50322e+06,1.4759e+07,613.985,609.387,613.985,4.8473
0.433019,0.00147377,1.50321e+06,1.4759e+07,613.986,609.359,613.986,4.84578
0.433122,0.00137026,1.50321e+06,1.47591e+07,613.986,609.331,613.986,4.84427
0.433226,0.00126675,1.50321e+06,1.47591e+07,613.986,609.303,613.986,4.84275
0.433329,0.00116324,1.5032e+06,1.47591e+07,613.986,609.275,613.986,4.84123
0.433433,0.00105973,1.5032e+06,1.47591e+07,613.986,609.247,613.986,4.83971
0.433536,0.00095622,1.50319e+06,1.47592e+07,613.986,609.219,613.986,4.83819
0.43364,0.000852712,1.50319e+06,1.47592e+07,613.987,609.191,613.987,4.83667
0.433743,0.0007492,1.50318e+06,1.47592e+07,613.987,609.163,613.987,4.83515
0.433847,0.000645691,1.50318e+06,1.47592e+07,613.987,609.135,613.987,4.83363
0.43395,0.000542183,1.50318e+06,1.47592e+07,613.987,609.107,613.987,4.83212
0.434012,0.00048048,1.50317e+06,1.47593e+07,613.987,609.078,613.987,4.83092
0.434049,0.000442908,1.50317e+06,1.47593e+07,613.987,609.049,613.987,4.82992
0.434087,0.000405337,1.50316e+06,1.47593e+07,613.987,609.019,613.987,4.82892
0.434124,0.000367766,1.50316e+06,1.47593e+07,613.987,608.99,613.987,4.82792
0.434162,0.000330194,1.50316e+06,1.47594e+07,613.988,608.96,613.988,4.82692
0.4342,0.000292623,1.50315e+06,1.47594e+07,613.988,608.93,613.988,4.82591
0.434237,0.000255052,1.50315e+06,1.47594e+07,613.988,608.901,613.988,4.82491
0.434275,0.000217482,1.50314e+06,1.47594e+07,613.988,608.871,613.988,4.82391
0.434312,0.00017991,1.50314e+06,1.47595e+07,613.988,608.842,613.988,4.82291
0.43435,0.000142339,1.50314e+06,1.47595e+07,613.988,608.812,613.988,4.82191
0.434387,0.000104768,1.50313e+06,1.47595e+07,613.988,608.782,613.988,4.8209
0.434425,6.7196e-05,1.50313e+06,1.47596e+07,613.988,608.753,613.988,4.8199
0.434462,2.96252e-05,1.50312e+06,1.47596e+07,613.988,608.723,613.988,4.8189
0.434492,0,1.50312e+06,1.47596e+07,613.989,608.693,613.989,4.81794
0.434492,0,1.50311e+06,1.47596e+07,613.989,608.663,613.989,4.81713
0.434492,0,1.50311e+06,1.47597e+07,613.989,608.633,613.989,4.81632
0.434492,0,1.50311e+06,1.47597e+07,613.989,608.602,613.989,4.8155
0.434492,0,1.5031e+06,1.47597e+07,613.989,608.571,613.989,4.81469
0.434492,0,1.5031e+06,1.47597e+07,613.989,608.541,613.989,4.81388
0.434492,0,1.50309e+06,1.47598e+07,613.989,608.51,613.989,4.81307
0.434492,0,1.50309e+06,1.47598e+07,613.989,608.48,613.989,4.81226
0.434492,0,1.50308e+06,1.47598e+07,613.989,608.449,613.989,4.81144
0.434492,0,1.50308e+06,1.47598e+07,613.99,608.419,613.99,4.81063
0.434492,0,1.50307e+06,1.47599e+07,613.99,608.388,613.99,4.80982
0.434492,0,1.50307e+06,1.47599e+07,613.99,608.358,613.99,4.80901
0.434492,0,1.50307e+06,1.47599e+07,613.99,608.327,613.99,4.8082
0.434492,0,1.50306e+06,1.47599e+07,613.99,608.297,613.99,4.80739
0.434492,0,1.50306e+06,1.476e+07,613.99,608.266,613.99,4.80658
0.434492,0,1.50305e+06,1.476e+07,613.99,608.236,613.99,4.80577
0.434492,0,1.50305e+06,1.476e+07,613.99,608.205,613.99,4.80496
0.434492,0,1.50304e+06,1.476e+07,613.991,608.174,613.991,4.80415
0.434492,0,1.50304e+06,1.47601e+07,613.991,608.144,613.991,4.80334
0.434492,0,1.50304e+06,1.47601e+07,613.991,608.113,613.991,4.80254
0.434492,0,1.50303e+06,1.47601e+07,613.991,608.082,613.991,4.80173
0.434492,0,1.50303e+06,1.47601e+07,613.991,608.052,613.991,4.80092
0.434492,0,1.50302e+06,1.47601e+07,613.991,608.021,613.991,4.80011
0.434492,0,1.50302e+06,1.47602e+07,613.991,607.99,613.991,4.7993
0.434492,0,1.50302e+06,1.47602e+07,613.992,607.96,613.992,4.79849
0.434492,0,1.50301e+06,1.47602e+07,613.992,607.929,613.992,4.79769
0.434492,0,1.50301e+06,1.47602e+07,613.992,607.898,613.992,4.79688
0.434492,0,1.503e+06,1.47603e+07,613.992,607.868,613.992,4.79607
0.434492,0,1.503e+06,1.47603e+07,613.992,607.837,613.992,4.79526
0.434492,0,1.503e+06,1.47603e+07,613.992,607.806,613.992,4.79446
0.434492,0,1.50299e+06,1.47603e+07,613.992,607.775,613.992,4.79365
nan,nan,nan,nan,nan,nan,nan,nan
0.434492,0,1.50299e+06,1.47603e+07,613.993,607.744,613.993,4.79285
0.434492,0,1.50298e+06,1.47604e+07,613.993,607.714,613.993,4.79204
0.434492,0,1.50298e+06,1.47604e+07,613.993,607.683,613.993,4.79124
0.434492,0,1.50298e+06,1.47604e+07,613.993,607.652,613.993,4.79043
0.434492,0,1.50297e+06,1.47604e+07,613.993,607.621,613.993,4.78963
0.434492,0,1.50297e+06,1.47605e+07,613.993,607.59,613.993,4.78882
0.434492,0,1.50297e+06,1.47605e+07,613.994,607.559,613.994,4.78802
0.434492,0,1.50296e+06,1.47605e+07,613.994,607.528,613.994,4.78721
0.434492,0,1.50296e+06,1.47605e+07,613.994,607.498,613.994,4.78641
0.434492,0,1.50296e+06,1.47605e+07,613.994,607.467,613.994,4.7856
0.434492,0,1.50295e+06,1.47606e+07,613.994,607.436,613.994,4.7848
0.434492,0,1.50295e+06,1.47606e+07,613.994,607.405,613.994,4.784
0.434492,0,1.50294e+06,1.47606e+07,613.994,607.374,613.994,4.78319
0.434492,0,1.50294e+06,1.47606e+07,613.994,607.343,613.994,4.78239
0.434492,0,1.50294e+06,1.47607e+07,613.995,607.312,613.995,4.78159
0.434492,0,1.50293e+06,1.47607e+07,613.995,607.281,613.995,4.78079
0.434492,0,1.50293e+06,1.47607e+07,613.995,607.25,613.995,4.77999
0.434492,0,1.50293e+06,1.47607e+07,613.995,607.219,613.995,4.77918
0.434492,0,1.50292e+06,1.47608e+07,613.995,607.188,613.995,4.77838
0.434492,0,1.50292e+06,1.47608e+07,613.995,607.156,613.995,4.77758
0.434492,0,1.50291e+06,1.47608e+07,613.995,607.125,613.995,4.77678
0.434492,0,1.50291e+06,1.47608e+07,613.995,607.094,613.995,4.77598
0.434492,0,1.50291e+06,1.47608e+07,613.995,607.063,613.995,4.77517
0.434492,0,1.5029e+06,1.47609e+07,613.996,607.032,613.996,4.77437
0.434492,0,1.5029e+06,1.47609e+07,613.996,607.001,613.996,4.77357
0.434492,0,1.50289e+06,1.47609e+07,613.996,606.97,613.996,4.77278
0.434492,0,1.50289e+06,1.47609e+07,613.996,606.939,613.996,4.77198
0.434492,0,1.50289e+06,1.4761e+07,613.996,606.908,613.996,4.77118
0.434492,0,1.50288e+06,1.4761e+07,613.996,606.876,613.996,4.77038
0.434492,0,1.50288e+06,1.4761e+07,613.996,606.845,613.996,4.76958
0.434492,0,1.50287e+06,1.4761e+07,613.996,606.814,613.996,4.76878
0.434492,0,1.50287e+06,1.47611e+07,613.996,606.783,613.996,4.76798
0.434492,0,1.50287e+06,1.47611e+07,613.997,606.752,613.997,4.76719
0.434492,0,1.50286e+06,1.47611e+07,613.997,606.72,613.997,4.76639
0.434492,0,1.50286e+06,1.47612e+07,613.997,606.689,613.997,4.76559
0.434492,0,1.50285e+06,1.47612e+07,613.997,606.658,613.997,4.76479
0.434492,0,1.50285e+06,1.47612e+07,613.997,606.627,613.997,4.76399
0.434492,0,1.50285e+06,1.47612e+07,613.997,606.596,613.997,4.7632
0.434492,0,1.50284e+06,1.47613e+07,613.997,606.564,613.997,4.7624
0.434492,0,1.50284e+06,1.47613e+07,613.997,606.533,613.997,4.7616
0.434492,0,1.50283e+06,1.47613e+07,613.998,606.501,613.998,4.76081
0.434492,0,1.50283e+06,1.47613e+07,613.998,606.47,613.998,4.76001
0.434492,0,1.50282e+06,1.47614e+07,613.998,606.438,613.998,4.75922
0.434492,0,1.50282e+06,1.47614e+07,613.998,606.407,613.998,4.75842
0.434492,0,1.50282e+06,1.47614e+07,613.998,606.376,613.998,4.75763
0.434492,0,1.50281e+06,1.47614e+07,613.998,606.344,613.998,4.75683
0.434492,0,1.50281e+06,1.47615e+07,613.999,606.313,613.999,4.75603
0.434492,0,1.5028e+06,1.47615e+07,613.999,606.281,613.999,4.75524
0.434492,0,1.5028e+06,1.47615e+07,613.999,606.25,613.999,4.75444
0.434492,0,1.5028e+06,1.47615e+07,613.999,606.219,613.999,4.75365
0.434492,0,1.50279e+06,1.47616e+07,613.999,606.187,613.999,4.75285
0.434492,0,1.50279e+06,1.47616e+07,613.999,606.156,613.999,4.75206
0.434492,0,1.50279e+06,1.47616e+07,613.999,606.124,613.999,4.75127
0.434492,0,1.50278e+06,1.47616e+07,613.999,606.092,613.999,4.75048
0.434492,0,1.50278e+06,1.47617e+07,614,606.061,614,4.74968
0.434492,0,1.50278e+06,1.47617e+07,614,606.029,614,4.74889
0.434492,0,1.50277e+06,1.47617e+07,614,605.998,614,4.7481
0.434492,0,1.50277e+06,1.47617e+07,614,605.966,614,4.74731
0.434492,0,1.50277e+06,1.47617e+07,614,605.934,614,4.74652
0.434492,0,1.50276e+06,1.47618e+07,614,605.903,614,4.74572
0.434492,0,1.50276e+06,1.47618e+07,614,605.871,614,4.74493
0.434492,0,1.50276e+06,1.47618e+07,614,605.84,614,4.74414
0.434492,0,1.50275e+06,1.47618e+07,614,605.808,614,4.74335
0.434492,0,1.50275e+06,1.47619e+07,614,605.776,614,4.74255
0.434492,0,1.50275e+06,1.47619e+07,614.001,605.745,614.001,4.74177
0.434492,0,1.50274e+06,1.47619e+07,614.001,605.713,614.001,4.74098
0.434492,0,1.50274e+06,1.47619e+07,614.001,605.681,614.001,4.74019
0.434492,0,1.50274e+06,1.47619e+07,614.001,605.65,614.001,4.7394
0.434492,0,1.50273e+06,1.4762e+07,614.001,605.618,614.001,4.73861
0.434492,0,1.50273e+06,1.4762e+07,614.001,605.586,614.001,4.73782
0.434492,0,1.50273e+06,1.4762e+07,614.001,605.554,614.001,4.73703
0.434492,0,1.50272e+06,1.4762e+07,614.001,605.523,614.001,4.73625
0.434492,0,1.50272e+06,1.47621e+07,614.002,605.491,614.002,4.73546
0.434492,0,1.50272e+06,1.47621e+07,614.002,605.459,614.002,4.73467
0.434492,0,1.50271e+06,1.47621e+07,614.002,605.427,614.002,4.73388
0.434492,0,1.50271e+06,1.47621e+07,614.002,605.396,614.002,4.73309
0.434492,0,1.50271e+06,1.47621e+07,614.002,605.364,614.002,4.7323
0.434492,0,1.5027e+06,1.47622e+07,614.002,605.332,614.002,4.73152
0.434492,0,1.5027e+06,1.47622e+07,614.002,605.3,614.002,4.73073
0.434492,0,1.5027e+06,1.47622e+07,614.002,605.268,614.002,4.72995
0.434492,0,1.50269e+06,1.47622e+07,614.003,605.236,614.003,4.72916
0.434492,0,1.50269e+06,1.47623e+07,614.003,605.204,614.003,4.72838
0.434492,0,1.50269e+06,1.47623e+07,614.003,605.172,614.003,4.72759
0.434492,0,1.50268e+06,1.47623e+07,614.003,605.14,614.003,4.72681
0.434492,0,1.50268e+06,1.47623e+07,614.003,605.109,614.003,4.72602
0.434492,0,1.50268e+06,1.47623e+07,614.003,605.077,614.003,4.72524
0.434492,0,1.50267e+06,1.47624e+07,614.003,605.045,614.003,4.72445
0.434492,0,1.50267e+06,1.47624e+07,614.004,605.013,614.004,4.72367
0.434492,0,1.50267e+06,1.47624e+07,614.004,604.981,614.004,4.72288
0.434492,0,1.50266e+06,1.47624e+07,614.004,604.949,614.004,4.7221
0.434492,0,1.50266e+06,1.47625e+07,614.004,604.917,614.004,4.72132
0.434492,0,1.50266e+06,1.47625e+07,614.004,604.885,614.004,4.72053
0.434492,0,1.50265e+06,1.47625e+07,614.004,604.853,614.004,4.71975
0.434492,0,1.50265e+06,1.47625e+07,614.004,604.821,614.004,4.71897
0.434492,0,1.50265e+06,1.47625e+07,614.005,604.788,614.005,4.71819
0.434492,0,1.50264e+06,1.47626e+07,614.005,604.756,614.005,4.71741
0.434492,0,1.50264e+06,1.47626e+07,614.005,604.724,614.005,4.71663
0.434492,0,1.50264e+06,1.47626e+07,614.005,604.692,614.005,4.71585
0.434492,0,1.50263e+06,1.47626e+07,614.005,604.66,614.005,4.71506
0.434492,0,1.50263e+06,1.47627e+07,614.005,604.628,614.005,4.71428
0.434492,0,1.50263e+06,1.47627e+07,614.005,604.596,614.005,4.7135
0.434492,0,1.50262e+06,1.47627e+07,614.005,604.564,614.005,4.71272
0.434492,0,1.50262e+06,1.47627e+07,614.005,604.532,614.005,4.71194
0.434492,0,1.50262e+06,1.47628e+07,614.005,604.499,614.005,4.71116
0.434492,0,1.50261e+06,1.47628e+07,614.006,604.467,614.006,4.71038
0.434492,0,1.50261e+06,1.47628e+07,614.006,604.435,614.006,4.7096
0.434492,0,1.5026e+06,1.47628e+07,614.006,604.403,614.006,4.70882
0.434492,0,1.5026e+06,1.47628e+07,614.006,604.37,614.006,4.70805
0.434492,0,1.5026e+06,1.47629e+07,614.006,604.338,614.006,4.70727
0.434492,0,1.50259e+06,1.47629e+07,614.006,604.306,614.006,4.70649
0.434492,0,1.50259e+06,1.47629e+07,614.006,604.274,614.006,4.70571
0.434492,0,1.50259e+06,1.47629e+07,614.006,604.241,614.006,4.70493
0.434492,0,1.50258e+06,1.4763e+07,614.006,604.209,614.006,4.70416
0.434492,0,1.50258e+06,1.4763e+07,614.007,604.177,614.007,4.70338
0.434492,0,1.50258e+06,1.4763e+07,614.007,604.145,614.007,4.7026
0.434492,0,1.50257e+06,1.4763e+07,614.007,604.112,614.007,4.70182
0.434492,0,1.50257e+06,1.4763e+07,614.007,604.08,614.007,4.70104
0.434492,0,1.50257e+06,1.47631e+07,614.007,604.048,614.007,4.70027
0.434492,0,1.50257e+06,1.47631e+07,614.007,604.015,614.007,4.6995
0.434492,0,1.50256e+06,1.47631e+07,614.007,603.983,614.007,4.69872
0.434492,0,1.50256e+06,1.47631e+07,614.008,603.95,614.008,4.69795
0.434492,0,1.50256e+06,1.47632e+07,614.008,603.918,614.008,4.69717
0.434492,0,1.50255e+06,1.47632e+07,614.008,603.885,614.008,4.6964
0.434492,0,1.50255e+06,1.47632e+07,614.008,603.853,614.008,4.69563
0.434492,0,1.50255e+06,1.47632e+07,614.008,603.821,614.008,4.69485
0.434492,0,1.50254e+06,1.47633e+07,614.008,603.788,614.008,4.69408
0.434492,0,1.50254e+06,1.47633e+07,614.008,603.756,614.008,4.69331
0.434492,0,1.50254e+06,1.47633e+07,614.009,603.723,614.009,4.69253
0.434492,0,1.50254e+06,1.47634e+07,614.009,603.691,614.009,4.69176
0.434492,0,1.50253e+06,1.47634e+07,614.009,603.658,614.009,4.69098
0.434492,0,1.50253e+06,1.47634e+07,614.009,603.626,614.009,4.69021
0.434492,0,1.50253e+06,1.47634e+07,614.009,603.593,614.009,4.68944
0.434492,0,1.50252e+06,1.47635e+07,614.009,603.561,614.009,4.68867
0.434492,0,1.50252e+06,1.47635e+07,614.009,603.528,614.009,4.6879
0.434492,0,1.50252e+06,1.47635e+07,614.009,603.495,614.009,4.68713
0.434492,0,1.50251e+06,1.47635e+07,614.01,603.463,614.01,4.68636
0.434492,0,1.50251e+06,1.47636e+07,614.01,603.43,614.01,4.68559
0.434492,0,1.50251e+06,1.47636e+07,614.01,603.397,614.01,4.68482
0.434492,0,1.50251e+06,1.47636e+07,614.01,603.365,614.01,4.68405
0.434492,0,1.5025e+06,1.47636e+07,614.01,603.332,614.01,4.68328
0.434492,0,1.5025e+06,1.47637e+07,614.01,603.3,614.01,4.68251
0.434492,0,1.5025e+06,1.47637e+07,614.01,603.267,614.01,4.68174
0.434492,0,1.50249e+06,1.47637e+07,614.01,603.234,614.01,4.68097
0.434492,0,1.50249e+06,1.47637e+07,614.01,603.202,614.01,4.6802
0.434492,0,1.50249e+06,1.47638e+07,614.011,603.169,614.011,4.67943
0.434492,0,1.50249e+06,1.47638e+07,614.011,603.136,614.011,4.67867
0.434492,0,1.50248e+06,1.47638e+07,614.011,603.103,614.011,4.6779
0.434492,0,1.50248e+06,1.47638e+07,614.011,603.071,614.011,4.67714
0.434492,0,1.50248e+06,1.47639e+07,614.011,603.038,614.011,4.67637
0.434492,0,1.50248e+06,1.47639e+07,614.011,603.005,614.011,4.6756
0.434492,0,1.50247e+06,1.47639e+07,614.011,602.972,614.011,4.67484
0.434492,0,1.50247e+06,1.47639e+07,614.011,602.939,614.011,4.67407
0.434492,0,1.50247e+06,1.47639e+07,614.011,602.907,614.011,4.6733
0.434492,0,1.50246e+06,1.4764e+07,614.012,602.874,614.012,4.67254
0.434492,0,1.50246e+06,1.4764e+07,614.012,602.841,614.012,4.67177
0.434492,0,1.50246e+06,1.4764e+07,614.012,602.808,614.012,4.67101
0.434492,0,1.50246e+06,1.4764e+07,614.012,602.776,614.012,4.67024
0.434492,0,1.50245e+06,1.47641e+07,614.012,602.743,614.012,4.66947
0.434492,0,1.50245e+06,1.47641e+07,614.012,602.71,614.012,4.66871
0.434492,0,1.50245e+06,1.47641e+07,614.012,602.677,614.012,4.66795
0.434492,0,1.50245e+06,1.47641e+07,614.012,602.644,614.012,4.66719
0.434492,0,1.50244e+06,1.47641e+07,614.013,602.611,614.013,4.66642
0.434492,0,1.50244e+06,1.47642e+07,614.013,602.578,614.013,4.66566
0.434492,0,1.50244e+06,1.47642e+07,614.013,602.545,614.013,4.6649
0.434492,0,1.50244e+06,1.47642e+07,614.013,602.512,614.013,4.66414
0.434492,0,1.50243e+06,1.47642e+07,614.013,602.479,614.013,4.66337
0.434492,0,1.50243e+06,1.47643e+07,614.013,602.446,614.013,4.66261
0.434492,0,1.50243e+06,1.47643e+07,614.014,602.413,614.014,4.66185
0.434492,0,1.50243e+06,1.47643e+07,614.014,602.38,614.014,4.66109
0.434492,0,1.50242e+06,1.47643e+07,614.014,602.347,614.014,4.66032
0.434492,0,1.50242e+06,1.47643e+07,614.014,602.314,614.014,4.65956
0.434492,0,1.50242e+06,1.47644e+07,614.014,602.281,614.014,4.6588
0.434492,0,1.50242e+06,1.47644e+07,614.014,602.248,614.014,4.65804
0.434492,0,1.50241e+06,1.47644e+07,614.014,602.215,614.014,4.65729
0.434492,0,1.50241e+06,1.47644e+07,614.014,602.182,614.014,4.65653
0.434492,0,1.50241e+06,1.47645e+07,614.015,602.148,614.015,4.65577
0.434492,0,1.5024e+06,1.47645e+07,614.015,602.115,614.015,4.65501
0.434492,0,1.5024e+06,1.47645e+07,614.015,602.082,614.015,4.65425
0.434492,0,1.5024e+06,1.47645e+07,614.015,602.049,614.015,4.65349
0.434492,0,1.5024e+06,1.47645e+07,614.015,602.016,614.015,4.65273
0.434492,0,1.50239e+06,1.47646e+07,614.015,601.983,614.015,4.65198
0.434492,0,1.50239e+06,1.47646e+07,614.015,601.95,614.015,4.65122
0.434492,0,1.50239e+06,1.47646e+07,614.015,601.916,614.015,4.65046
0.434492,0,1.50239e+06,1.47646e+07,614.015,601.883,614.015,4.6497
0.434492,0,1.50238e+06,1.47647e+07,614.016,601.85,614.016,4.64894
0.434492,0,1.50238e+06,1.47647e+07,614.016,601.817,614.016,4.64819
0.434492,0,1.50238e+06,1.47647e+07,614.016,601.783,614.016,4.64744
0.434492,0,1.50238e+06,1.47647e+07,614.016,601.75,614.016,4.64668
0.434492,0,1.50238e+06,1.47647e+07,614.016,601.717,614.016,4.64593
0.434492,0,1.50237e+06,1.47648e+07,614.016,601.683,614.016,4.64517
0.434492,0,1.50237e+06,1.47648e+07,614.016,601.65,614.016,4.64442
0.434492,0,1.50237e+06,1.47648e+07,614.016,601.617,614.016,4.64366
0.434492,0,1.50237e+06,1.47648e+07,614.016,601.584,614.016,4.64291
0.434492,0,1.50236e+06,1.47649e+07,614.017,601.55,614.017,4.64216
0.434492,0,1.50236e+06,1.47649e+07,614.017,601.517,614.017,4.6414
0.434492,0,1.50236e+06,1.47649e+07,614.017,601.484,614.017,4.64065
0.434492,0,1.50236e+06,1.47649e+07,614.017,601.45,614.017,4.63989
0.434492,0,1.50236e+06,1.4765e+07,614.017,601.417,614.017,4.63914
0.434492,0,1.50235e+06,1.4765e+07,614.017,601.384,614.017,4.63839
0.434492,0,1.50235e+06,1.4765e+07,614.017,601.35,614.017,4.63764
0.434492,0,1.50235e+06,1.4765e+07,614.017,601.317,614.017,4.63689
0.434492,0,1.50235e+06,1.4765e+07,614.018,601.283,614.018,4.63614
0.434492,0,1.50235e+06,1.47651e+07,614.018,601.25,614.018,4.63539
0.434492,0,1.50234e+06,1.47651e+07,614.018,601.216,614.018,4.63464
0.434492,0,1.50234e+06,1.47651e+07,614.018,601.183,614.018,4.63389
0.434492,0,1.50234e+06,1.47651e+07,614.018,601.149,614.018,4.63314
0.434492,0,1.50234e+06,1.47652e+07,614.018,601.116,614.018,4.63239
0.434492,0,1.50234e+06,1.47652e+07,614.018,601.083,614.018,4.63164
0.434492,0,1.50233e+06,1.47652e+07,614.019,601.049,614.019,4.63089
0.434492,0,1.50233e+06,1.47652e+07,614.019,601.016,614.019,4.63014
0.434492,0,1.50233e+06,1.47652e+07,614.019,600.982,614.019,4.62939
0.434492,0,1.50233e+06,1.47653e+07,614.019,600.949,614.019,4.62864
0.434492,0,1.50233e+06,1.47653e+07,614.019,600.915,614.019,4.62789
0.434492,0,1.50233e+06,1.47653e+07,614.019,600.881,614.019,4.62715
0.434492,0,1.50232e+06,1.47653e+07,614.019,600.848,614.019,4.6264
0.434492,0,1.50232e+06,1.47654e+07,614.02,600.814,614.02,4.62566
0.434492,0,1.50232e+06,1.47654e+07,614.02,600.78,614.02,4.62491
0.434492,0,1.50232e+06,1.47654e+07,614.02,600.747,614.02,4.62416
0.434492,0,1.50232e+06,1.47654e+07,614.02,600.713,614.02,4.62342
0.434492,0,1.50231e+06,1.47654e+07,614.02,600.68,614.02,4.62267
0.434492,0,1.50231e+06,1.47655e+07,614.02,600.646,614.02,4.62193
0.434492,0,1.50231e+06,1.47655e+07,614.02,600.612,614.02,4.62118
0.434492,0,1.50231e+06,1.47655e+07,614.02,600.579,614.02,4.62043
0.434492,0,1.50231e+06,1.47655e+07,614.02,600.545,614.02,4.61969
0.434492,0,1.5023e+06,1.47656e+07,614.021,600.511,614.021,4.61894
0.434492,0,1.5023e+06,1.47656e+07,614.021,600.477,614.021,4.6182
0.434492,0,1.5023e+06,1.47656e+07,614.021,600.444,614.021,4.61746
0.434492,0,1.5023e+06,1.47656e+07,614.021,600.41,614.021,4.61672
0.434492,0,1.5023e+06,1.47656e+07,614.021,600.376,614.021,4.61598
0.434492,0,1.5023e+06,1.47657e+07,614.021,600.342,614.021,4.61524
0.434492,0,1.50229e+06,1.47657e+07,614.021,600.308,614.021,4.61449
0.434492,0,1.50229e+06,1.47657e+07,614.021,600.275,614.021,4.61375
0.434492,0,1.50229e+06,1.47657e+07,614.021,600.241,614.021,4.61301
0.434492,0,1.50229e+06,1.47658e+07,614.021,600.207,614.021,4.61227
0.434492,0,1.50229e+06,1.47658e+07,614.022,600.173,614.022,4.61153
0.434492,0,1.50228e+06,1.47658e+07,614.022,600.139,614.022,4.61079
0.434492,0,1.50228e+06,1.47658e+07,614.022,600.105,614.022,4.61004
0.434492,0,1.50228e+06,1.47658e+07,614.022,600.072,614.022,4.6093
0.434492,0,1.50228e+06,1.47659e+07,614.022,600.038,614.022,4.60856
0.434492,0,1.50228e+06,1.47659e+07,614.022,600.004,614.022,4.60783
0.434492,0,1.50228e+06,1.47659e+07,614.022,599.97,614.022,4.60709
0.434492,0,1.50227e+06,1.47659e+07,614.023,599.936,614.023,4.60635
0.434492,0,1.50227e+06,1.4766e+07,614.023,599.902,614.023,4.60562
0.434492,0,1.50227e+06,1.4766e+07,614.023,599.868,614.023,4.60488
0.434492,0,1.50227e+06,1.4766e+07,614.023,599.834,614.023,4.60414
0.434492,0,1.50227e+06,1.4766e+07,614.023,599.8,614.023,4.6034
0.434492,0,1.50227e+06,1.4766e+07,614.023,599.766,614.023,4.60267
0.434492,0,1.50227e+06,1.47661e+07,614.023,599.732,614.023,4.60193
0.434492,0,1.50226e+06,1.47661e+07,614.024,599.698,614.024,4.60119
0.434492,0,1.50226e+06,1.47661e+07,614.024,599.664,614.024,4.60045
0.434492,0,1.50226e+06,1.47661e+07,614.024,599.63,614.024,4.59972
0.434492,0,1.50226e+06,1.47662e+07,614.024,599.596,614.024,4.59898
0.434492,0,1.50226e+06,1.47662e+07,614.024,599.562,614.024,4.59825
0.434492,0,1.50226e+06,1.47662e+07,614.024,599.528,614.024,4.59752
0.434492,0,1.50226e+06,1.47662e+07,614.024,599.494,614.024,4.59678
0.434492,0,1.50225e+06,1.47662e+07,614.025,599.459,614.025,4.59605
0.434492,0,1.50225e+06,1.47663e+07,614.025,599.425,614.025,4.59532
0.434492,0,1.50225e+06,1.47663e+07,614.025,599.391,614.025,4.59459
0.434492,0,1.50225e+06,1.47663e+07,614.025,599.357,614.025,4.59385
0.434492,0,1.50225e+06,1.47663e+07,614.025,599.323,614.025,4.59312
0.434492,0,1.50225e+06,1.47664e+07,614.025,599.289,614.025,4.59239
0.434492,0,1.50224e+06,1.47664e+07,614.025,599.254,614.025,4.59165
0.434492,0,1.50224e+06,1.47664e+07,614.025,599.22,614.025,4.59092
0.434492,0,1.50224e+06,1.47664e+07,614.025,599.186,614.025,4.59019
0.434492,0,1.50224e+06,1.47664e+07,614.026,599.152,614.026,4.58946
0.434492,0,1.50224e+06,1.47665e+07,614.026,599.118,614.026,4.58873
0.434492,0,1.50224e+06,1.47665e+07,614.026,599.083,614.026,4.588
0.434492,0,1.50224e+06,1.47665e+07,614.026,599.049,614.026,4.58727
0.434492,0,1.50223e+06,1.47665e+07,614.026,599.015,614.026,4.58654
0.434492,0,1.50223e+06,1.47666e+07,614.026,598.98,614.026,4.58581
0.434492,0,1.50223e+06,1.47666e+07,614.026,598.946,614.026,4.58508
0.434492,0,1.50223e+06,1.47666e+07,614.026,598.911,614.026,4.58436
0.434492,0,1.50223e+06,1.47666e+07,614.026,598.877,614.026,4.58363
0.434492,0,1.50223e+06,1.47666e+07,614.026,598.843,614.026,4.5829
0.434492,0,1.50223e+06,1.47667e+07,614.027,598.808,614.027,4.58217
0.434492,0,1.50222e+06,1.47667e+07,614.027,598.774,614.027,4.58144
0.434492,0,1.50222e+06,1.47667e+07,614.027,598.74,614.027,4.58071
0.434492,0,1.50222e+06,1.47667e+07,614.027,598.705,614.027,4.57998
0.434492,0,1.50222e+06,1.47668e+07,614.027,598.671,614.027,4.57926
0.434492,0,1.50222e+06,1.47668e+07,614.027,598.636,614.027,4.57853
0.434492,0,1.50222e+06,1.47668e+07,614.027,598.602,614.027,4.57781
0.434492,0,1.50222e+06,1.47668e+07,614.027,598.568,614.027,4.57709
0.434492,0,1.50222e+06,1.47668e+07,614.027,598.533,614.027,4.57636
0.434492,0,1.50221e+06,1.47669e+07,614.028,598.498,614.028,4.57564
0.434492,0,1.50221e+06,1.47669e+07,614.028,598.464,614.028,4.57491
0.434492,0,1.50221e+06,1.47669e+07,614.028,598.43,614.028,4.57419
0.434492,0,1.50221e+06,1.47669e+07,614.028,598.395,614.028,4.57347
0.434492,0,1.50221e+06,1.4767e+07,614.028,598.361,614.028,4.57274
0.434492,0,1.50221e+06,1.4767e+07,614.028,598.326,614.028,4.57202
0.434492,0,1.50221e+06,1.4767e+07,614.028,598.292,614.028,4.5713
0.434492,0,1.50221e+06,1.4767e+07,614.028,598.257,614.028,4.57057
0.434492,0,1.5022e+06,1.47671e+07,614.029,598.223,614.029,4.56985
0.434492,0,1.5022e+06,1.47671e+07,614.029,598.188,614.029,4.56913
0.434492,0,1.5022e+06,1.47671e+07,614.029,598.153,614.029,4.56841
0.434492,0,1.5022e+06,1.47671e+07,614.029,598.119,614.029,4.56769
0.434492,0,1.5022e+06,1.47671e+07,614.029,598.084,614.029,4.56697
0.434492,0,1.5022e+06,1.47672e+07,614.029,598.049,614.029,4.56625
0.434492,0,1.5022e+06,1.47672e+07,614.029,598.015,614.029,4.56553
0.434492,0,1.5022e+06,1.47672e+07,614.029,597.98,614.029,4.56481
0.434492,0,1.5022e+06,1.47672e+07,614.029,597.945,614.029,4.56409
0.434492,0,1.50219e+06,1.47673e+07,614.03,597.911,614.03,4.56338
0.434492,0,1.50219e+06,1.47673e+07,614.03,597.876,614.03,4.56266
0.434492,0,1.50219e+06,1.47673e+07,614.03,597.841,614.03,4.56194
0.434492,0,1.50219e+06,1.47673e+07,614.03,597.807,614.03,4.56122
0.434492,0,1.50219e+06,1.47673e+07,614.03,597.772,614.03,4.5605
0.434492,0,1.50219e+06,1.47674e+07,614.03,597.737,614.03,4.55978
0.434492,0,1.50219e+06,1.47674e+07,614.03,597.703,614.03,4.55907
0.434492,0,1.50219e+06,1.47674e+07,614.03,597.668,614.03,4.55835
0.434492,0,1.50219e+06,1.47674e+07,614.031,597.633,614.031,4.55764
0.434492,0,1.50219e+06,1.47675e+07,614.031,597.598,614.031,4.55692
0.434492,0,1.50219e+06,1.47675e+07,614.031,597.563,614.031,4.55621
0.434492,0,1.50218e+06,1.47675e+07,614.031,597.529,614.031,4.55549
0.434492,0,1.50218e+06,1.47675e+07,614.031,597.494,614.031,4.55478
0.434492,0,1.50218e+06,1.47675e+07,614.031,597.459,614.031,4.55406
0.434492,0,1.50218e+06,1.47676e+07,614.031,597.424,614.031,4.55335
0.434492,0,1.50218e+06,1.47676e+07,614.032,597.39,614.032,4.55263
0.434492,0,1.50218e+06,1.47676e+07,614.032,597.355,614.032,4.55192
0.434492,0,1.50218e+06,1.47676e+07,614.032,597.32,614.032,4.5512
0.434492,0,1.50218e+06,1.47677e+07,614.032,597.285,614.032,4.55049
0.434492,0,1.50218e+06,1.47677e+07,614.032,597.25,614.032,4.54978
0.434492,0,1.50218e+06,1.47677e+07,614.032,597.215,614.032,4.54907
0.434492,0,1.50218e+06,1.47677e+07,614.032,597.18,614.032,4.54836
0.434492,0,1.50218e+06,1.47677e+07,614.032,597.145,614.032,4.54765
0.434492,0,1.50218e+06,1.47678e+07,614.033,597.11,614.033,4.54694
0.434492,0,1.50218e+06,1.47678e+07,614.033,597.075,614.033,4.54623
0.434492,0,1.50218e+06,1.47678e+07,614.033,597.04,614.033,4.54552
0.434492,0,1.50218e+06,1.47678e+07,614.033,597.006,614.033,4.54481
0.434492,0,1.50218e+06,1.47679e+07,614.033,596.971,614.033,4.5441
0.434492,0,1.50218e+06,1.47679e+07,614.033,596.936,614.033,4.54339
0.434492,0,1.50218e+06,1.47679e+07,614.033,596.901,614.033,4.54268
0.434492,0,1.50218e+06,1.47679e+07,614.033,596.866,614.033,4.54197
0.434492,0,1.50218e+06,1.47679e+07,614.034,596.831,614.034,4.54126
0.434492,0,1.50217e+06,1.4768e+07,614.034,596.796,614.034,4.54055
0.434492,0,1.50217e+06,1.4768e+07,614.034,596.761,614.034,4.53985
0.434492,0,1.50217e+06,1.4768e+07,614.034,596.726,614.034,4.53914
0.434492,0,1.50217e+06,1.4768e+07,614.034,596.69,614.034,4.53844
0.434492,0,1.50217e+06,1.47681e+07,614.034,596.655,614.034,4.53773
0.434492,0,1.50217e+06,1.47681e+07,614.034,596.62,614.034,4.53703
0.434492,0,1.50217e+06,1.47681e+07,614.034,596.585,614.034,4.53632
0.434492,0,1.50217e+06,1.47681e+07,614.034,596.55,614.034,4.53561
0.434492,0,1.50217e+06,1.47681e+07,614.034,596.515,614.034,4.53491
0.434492,0,1.50217e+06,1.47682e+07,614.035,596.48,614.035,4.5342
0.434492,0,1.50217e+06,1.47682e+07,614.035,596.445,614.035,4.5335
0.434492,0,1.50217e+06,1.47682e+07,614.035,596.409,614.035,4.53279
0.434492,0,1.50217e+06,1.47682e+07,614.035,596.374,614.035,4.53209
0.434492,0,1.50216e+06,1.47683e+07,614.035,596.339,614.035,4.53138
0.434492,0,1.50216e+06,1.47683e+07,614.035,596.304,614.035,4.53068
0.434492,0,1.50216e+06,1.47683e+07,614.035,596.268,614.035,4.52998
0.434492,0,1.50216e+06,1.47683e+07,614.035,596.233,614.035,4.52928
0.434492,0,1.50216e+06,1.47683e+07,614.036,596.198,614.036,4.52858
0.434492,0,1.50216e+06,1.47684e+07,614.036,596.163,614.036,4.52788
0.434492,0,1.50216e+06,1.47684e+07,614.036,596.127,614.036,4.52718
0.434492,0,1.50216e+06,1.47684e+07,614.036,596.092,614.036,4.52648
0.434492,0,1.50216e+06,1.47684e+07,614.036,596.057,614.036,4.52578
0.434492,0,1.50216e+06,1.47685e+07,614.036,596.021,614.036,4.52508
0.434492,0,1.50216e+06,1.47685e+07,614.036,595.986,614.036,4.52438
0.434492,0,1.50216e+06,1.47685e+07,614.036,595.951,614.036,4.52368
0.434492,0,1.50216e+06,1.47685e+07,614.036,595.915,614.036,4.52297
0.434492,0,1.50216e+06,1.47685e+07,614.036,595.88,614.036,4.52227
0.434492,0,1.50216e+06,1.47686e+07,614.037,595.845,614.037,4.52158
0.434492,0,1.50216e+06,1.47686e+07,614.037,595.809,614.037,4.52088
0.434492,0,1.50216e+06,1.47686e+07,614.037,595.774,614.037,4.52019
0.434492,0,1.50216e+06,1.47686e+07,614.037,595.738,614.037,4.51949
0.434492,0,1.50216e+06,1.47687e+07,614.037,595.703,614.037,4.5188
0.434492,0,1.50216e+06,1.47687e+07,614.037,595.667,614.037,4.5181
0.434492,0,1.50216e+06,1.47687e+07,614.037,595.632,614.037,4.51741
0.434492,0,1.50216e+06,1.47687e+07,614.037,595.597,614.037,4.51671
0.434492,0,1.50216e+06,1.47688e+07,614.037,595.561,614.037,4.51601
0.434492,0,1.50216e+06,1.47688e+07,614.038,595.526,614.038,4.51532
0.434492,0,1.50216e+06,1.47688e+07,614.038,595.49,614.038,4.51462
0.434492,0,1.50216e+06,1.47688e+07,614.038,595.455,614.038,4.51393
0.434492,0,1.50216e+06,1.47688e+07,614.038,595.419,614.038,4.51323
0.434492,0,1.50216e+06,1.47689e+07,614.038,595.384,614.038,4.51254
0.434492,0,1.50216e+06,1.47689e+07,614.038,595.348,614.038,4.51185
0.434492,0,1.50216e+06,1.47689e+07,614.038,595.313,614.038,4.51116
0.434492,0,1.50216e+06,1.47689e+07,614.039,595.277,614.039,4.51047
0.434492,0,1.50216e+06,1.4769e+07,614.039,595.242,614.039,4.50978
0.434492,0,1.50216e+06,1.4769e+07,614.039,595.206,614.039,4.50909
0.434492,0,1.50216e+06,1.4769e+07,614.039,595.17,614.039,4.5084
0.434492,0,1.50216e+06,1.4769e+07,614.039,595.135,614.039,4.50771
0.434492,0,1.50216e+06,1.4769e+07,614.039,595.099,614.039,4.50702
0.434492,0,1.50216e+06,1.47691e+07,614.039,595.064,614.039,4.50632
0.434492,0,1.50216e+06,1.47691e+07,614.04,595.028,614.04,4.50563
0.434492,0,1.50216e+06,1.47691e+07,614.04,594.993,614.04,4.50494
0.434492,0,1.50216e+06,1.47691e+07,614.04,594.957,614.04,4.50425
0.434492,0,1.50216e+06,1.47692e+07,614.04,594.921,614.04,4.50356
0.434492,0,1.50216e+06,1.47692e+07,614.04,594.886,614.04,4.50288
0.434492,0,1.50216e+06,1.47692e+07,614.04,594.85,614.04,4.50219
0.434492,0,1.50216e+06,1.47692e+07,614.04,594.814,614.04,4.5015
0.434492,0,1.50216e+06,1.47692e+07,614.04,594.778,614.04,4.50082
0.434492,0,1.50216e+06,1.47693e+07,614.041,594.743,614.041,4.50013
0.434492,0,1.50216e+06,1.47693e+07,614.041,594.707,614.041,4.49945
0.434492,0,1.50216e+06,1.47693e+07,614.041,594.671,614.041,4.49876
0.434492,0,1.50216e+06,1.47693e+07,614.041,594.635,614.041,4.49807
0.434492,0,1.50216e+06,1.47694e+07,614.041,594.6,614.041,4.49739
0.434492,0,1.50216e+06,1.47694e+07,614.041,594.564,614.041,4.4967
0.434492,0,1.50216e+06,1.47694e+07,614.041,594.528,614.041,4.49601
0.434492,0,1.50216e+06,1.47694e+07,614.041,594.492,614.041,4.49533
0.434492,0,1.50216e+06,1.47694e+07,614.041,594.457,614.041,4.49464
0.434492,0,1.50217e+06,1.47695e+07,614.042,594.421,614.042,4.49396
0.434492,0,1.50217e+06,1.47695e+07,614.042,594.385,614.042,4.49328
0.434492,0,1.50217e+06,1.47695e+07,614.042,594.349,614.042,4.4926
0.434492,0,1.50217e+06,1.47695e+07,614.042,594.313,614.042,4.49192
0.434492,0,1.50217e+06,1.47696e+07,614.042,594.277,614.042,4.49123
0.434492,0,1.50217e+06,1.47696e+07,614.042,594.241,614.042,4.49055
0.434492,0,1.50217e+06,1.47696e+07,614.042,594.205,614.042,4.48987
0.434492,0,1.50217e+06,1.47696e+07,614.042,594.169,614.042,4.48919
0.434492,0,1.50217e+06,1.47696e+07,614.042,594.133,614.042,4.48851
0.434492,0,1.50217e+06,1.47697e+07,614.043,594.098,614.043,4.48783
0.434492,0,1.50217e+06,1.47697e+07,614.043,594.062,614.043,4.48715
0.434492,0,1.50217e+06,1.47697e+07,614.043,594.026,614.043,4.48646
0.434492,0,1.50217e+06,1.47697e+07,614.043,593.99,614.043,4.48578
0.434492,0,1.50217e+06,1.47698e+07,614.043,593.954,614.043,4.4851
0.434492,0,1.50217e+06,1.47698e+07,614.043,593.918,614.043,4.48443
0.434492,0,1.50217e+06,1.47698e+07,614.043,593.882,614.043,4.48375
0.434492,0,1.50217e+06,1.47698e+07,614.043,593.846,614.043,4.48308
0.434492,0,1.50217e+06,1.47698e+07,614.043,593.81,614.043,4.4824
0.434492,0,1.50217e+06,1.47699e+07,614.044,593.774,614.044,4.48172
0.434492,0,1.50217e+06,1.47699e+07,614.044,593.737,614.044,4.48105
0.434492,0,1.50217e+06,1.47699e+07,614.044,593.701,614.044,4.48037
0.434492,0,1.50217e+06,1.47699e+07,614.044,593.665,614.044,4.47969
0.434492,0,1.50217e+06,1.477e+07,614.044,593.629,614.044,4.47902
0.434492,0,1.50217e+06,1.477e+07,614.044,593.593,614.044,4.47834
0.434492,0,1.50217e+06,1.477e+07,614.044,593.557,614.044,4.47767
0.434492,0,1.50217e+06,1.477e+07,614.044,593.521,614.044,4.47699
0.434492,0,1.50218e+06,1.477e+07,614.044,593.485,614.044,4.47631
0.434492,0,1.45486e+06,1.47701e+07,614.045,593.449,614.045,4.47578
0.434492,0,1.39891e+06,1.47701e+07,614.045,593.413,614.045,4.47528
0.434492,0,1.34295e+06,1.47701e+07,614.045,593.376,614.045,4.47477
0.434492,0,1.28699e+06,1.47701e+07,614.045,593.34,614.045,4.47427
0.434492,0,1.23104e+06,1.47701e+07,614.045,593.304,614.045,4.47376
0.434492,0,1.17508e+06,1.47702e+07,614.045,593.268,614.045,4.47326
0.434492,0,1.11912e+06,1.47702e+07,614.045,593.232,614.045,4.47275
0.434492,0,1.06316e+06,1.47702e+07,614.045,593.195,614.045,4.47225
0.434492,0,1.00721e+06,1.47702e+07,614.045,593.159,614.045,4.47175
0.434492,0,951251,1.47702e+07,614.046,593.123,614.046,4.47124
0.434492,0,895293,1.47703e+07,614.046,593.087,614.046,4.47074
0.434492,0,839336,1.47703e+07,614.046,593.051,614.046,4.47023
0.434492,0,783379,1.47703e+07,614.046,593.014,614.046,4.46973
0.434492,0,724802,1.47703e+07,614.046,592.985,614.046,4.46936
0.434492,0,662649,1.47703e+07,614.046,592.965,614.046,4.46917
0.434492,0,600496,1.47703e+07,614.046,592.945,614.046,4.46898
0.434492,0,538344,1.47704e+07,614.046,592.925,614.046,4.46879
0.434492,0,476191,1.47704e+07,614.047,592.904,614.047,4.46861
0.434492,0,414038,1.47704e+07,614.047,592.884,614.047,4.46842
0.434492,0,351886,1.47704e+07,614.047,592.864,614.047,4.46823
0.434492,0,289733,1.47704e+07,614.047,592.844,614.047,4.46804
0.434492,0,227580,1.47704e+07,614.047,592.824,614.047,4.46786
0.434492,0,165428,1.47705e+07,614.047,592.804,614.047,4.46767
0.434492,0,103275,1.47705e+07,614.047,592.784,614.047,4.46748
0.434492,0,41122.1,1.47705e+07,614.047,592.763,614.047,4.46729
0.434492,0,0,1.47705e+07,614.047,592.75,614.047,4.46717
0.434492,0,0,1.47705e+07,614.048,592.75,614.048,4.46717
0.434492,0,0,1.47705e+07,614.048,592.75,614.048,4.46717
0.434492,0,0,1.47706e+07,614.048,592.75,614.048,4.46716
0.434492,0,0,1.47706e+07,614.048,592.75,614.048,4.46716
0.434492,0,0,1.47706e+07,614.048,592.75,614.048,4.46716
0.434492,0,0,1.47706e+07,614.048,592.75,614.048,4.46716
0.434492,0,0,1.47707e+07,614.048,592.75,614.048,4.46716
0.434492,0,0,1.47707e+07,614.048,592.75,614.048,4.46716
0.434492,0,0,1.47707e+07,614.048,592.75,614.048,4.46715
0.434492,0,0,1.47707e+07,614.048,592.75,614.048,4.46715
0.434492,0,0,1.47707e+07,614.048,592.75,614.048,4.46715
0.434492,0,0,1.47708e+07,614.048,592.75,614.048,4.46715
0.434492,0,0,1.47708e+07,614.049,592.75,614.049,4.46715
0.434492,0,0,1.47708e+07,614.049,592.75,614.049,4.46715
0.434492,0,0,1.47708e+07,614.049,592.75,614.049,4.46714
0.434492,0,0,1.47708e+07,614.049,592.75,614.049,4.46714
0.434492,0,0,1.47709e+07,614.049,592.75,614.049,4.46714
0.434492,0,0,1.47709e+07,614.049,592.75,614.049,4.46714
0.434492,0,0,1.47709e+07,614.049,592.75,614.049,4.46714
0.434492,0,0,1.47709e+07,614.049,592.75,614.049,4.46714
0.434492,0,0,1.47709e+07,614.049,592.75,614.049,4.46713
0.434492,0,0,1.4771e+07,614.049,592.75,614.049,4.46713
0.434492,0,0,1.4771e+07,614.049,592.75,614.049,4.46713
0.434492,0,0,1.4771e+07,614.049,592.75,614.049,4.46713
0.434492,0,0,1.4771e+07,614.05,592.75,614.05,4.46713
0.434492,0,0,1.4771e+07,614.05,592.75,614.05,4.46713
0.434492,0,0,1.47711e+07,614.05,592.75,614.05,4.46712
0.434492,0,0,1.47711e+07,614.05,592.75,614.05,4.46712
0.434492,0,0,1.47711e+07,614.05,592.75,614.05,4.46712
0.434492,0,0,1.47711e+07,614.05,592.75,614.05,4.46712
0.434492,0,0,1.47711e+07,614.05,592.75,614.05,4.46712
0.434492,0,0,1.47711e+07,614.051,592.75,614.051,4.46712
0.434492,0,0,1.47712e+07,614.051,592.75,614.051,4.46711
0.434492,0,0,1.47712e+07,614.051,592.75,614.051,4.46711
0.434492,0,0,1.47712e+07,614.051,592.75,614.051,4.46711
0.434492,0,0,1.47712e+07,614.051,592.75,614.001,4.46711
0.434492,0,0,1.47712e+07,614.051,592.75,613.414,4.46711
0.434492,0,0,1.47712e+07,614.051,592.75,612.826,4.46711
0.434492,0,0,1.47712e+07,614.051,592.75,612.239,4.46711
0.434492,0,0,1.47713e+07,614.051,592.75,611.651,4.46711
0.434492,0,0,1.47713e+07,614.051,592.75,611.064,4.4671
0.434492,0,0,1.47713e+07,614.052,592.75,610.476,4.4671
0.434492,0,0,1.47713e+07,614.052,592.75,609.889,4.4671
0.434492,0,0,1.47713e+07,614.052,592.75,609.301,4.4671
0.434492,0,0,1.47713e+07,614.052,592.75,608.714,4.4671
0.434492,0,0,1.47713e+07,614.052,592.75,608.126,4.4671
0.434492,0,0,1.47714e+07,614.052,592.75,607.539,4.4671
